IPAddress,Parameter,Periodicity,RFValue,Thresholdvalue,ClientName
10.254.228.8,InterfaceInUtilization(em1),60,3,90,ATMSL
10.254.228.8,InterfaceOutUtilization(em1),60,3,90,ATMSL
10.254.228.8,InterfaceOutUtilization(em2),60,3,90,ATMSL
10.254.228.8,InterfaceCRCErrors(em1),120,3,100,ATMSL
10.254.228.8,InterfaceInDiscardsRate(em2),180,3,10,ATMSL
10.254.228.8,InterfaceInErrorsRate(em2),180,3,10,ATMSL
10.254.228.8,InterfaceOperStatus(em1),60,3,DOWN,ATMSL
10.254.228.8,InterfaceCRCErrors(em2),120,3,100,ATMSL
10.254.228.8,InterfaceInDiscardsRate(em1),180,3,10,ATMSL
10.254.228.8,InterfaceOutDiscardsRate(em1),180,3,10,ATMSL
10.254.228.8,InterfaceOutDiscardsRate(em2),180,3,10,ATMSL
10.254.228.8,InterfaceOutErrorsRate(em1),180,3,10,ATMSL
10.254.228.8,InterfaceOutErrorsRate(em2),180,3,10,ATMSL
10.254.228.8,InterfaceInErrorsRate(em1),180,3,10,ATMSL
10.254.228.8,InterfaceInUtilization(em2),60,3,90,ATMSL
10.254.228.8,InterfaceOperStatus(em2),60,3,DOWN,ATMSL
192.168.224.3,InterfaceCRCErrors(GigabitEthernet0/13),120,3,100,ATMSL
192.168.224.3,InterfaceCRCErrors(GigabitEthernet0/14),120,3,100,ATMSL
192.168.224.3,InterfaceCRCErrors(GigabitEthernet0/15),120,3,100,ATMSL
192.168.224.3,InterfaceCRCErrors(GigabitEthernet0/16),120,3,100,ATMSL
192.168.224.3,InterfaceCRCErrors(GigabitEthernet0/6),120,3,100,ATMSL
192.168.224.3,InterfaceCRCErrors(GigabitEthernet0/7),120,3,100,ATMSL
192.168.224.3,InterfaceCRCErrors(GigabitEthernet0/8),120,3,100,ATMSL
192.168.224.3,InterfaceCRCErrors(GigabitEthernet0/9),120,3,100,ATMSL
192.168.224.3,InterfaceCRCErrors(Vlan101),120,3,100,ATMSL
192.168.224.3,InterfaceInDiscardsRate(GigabitEthernet0/13),180,3,10,ATMSL
192.168.224.3,InterfaceInDiscardsRate(GigabitEthernet0/14),180,3,10,ATMSL
192.168.224.3,InterfaceInDiscardsRate(GigabitEthernet0/15),180,3,10,ATMSL
192.168.224.3,InterfaceInDiscardsRate(GigabitEthernet0/16),180,3,10,ATMSL
192.168.224.3,InterfaceInDiscardsRate(GigabitEthernet0/7),180,3,10,ATMSL
192.168.224.3,InterfaceInDiscardsRate(GigabitEthernet0/8),180,3,10,ATMSL
192.168.224.3,InterfaceInDiscardsRate(GigabitEthernet0/9),180,3,10,ATMSL
192.168.224.3,InterfaceInDiscardsRate(Vlan101),180,3,10,ATMSL
192.168.224.3,InterfaceInErrorsRate(GigabitEthernet0/20),180,3,10,ATMSL
192.168.224.3,InterfaceCRCErrors(GigabitEthernet0/20),120,3,100,ATMSL
192.168.224.3,InterfaceCRCErrors(GigabitEthernet0/21),120,3,100,ATMSL
192.168.224.3,InterfaceCRCErrors(GigabitEthernet0/22),120,3,100,ATMSL
192.168.224.3,InterfaceCRCErrors(GigabitEthernet0/23),120,3,100,ATMSL
192.168.224.3,InterfaceInDiscardsRate(GigabitEthernet0/20),180,3,10,ATMSL
192.168.224.3,InterfaceInDiscardsRate(GigabitEthernet0/21),180,3,10,ATMSL
192.168.224.3,InterfaceInDiscardsRate(GigabitEthernet0/22),180,3,10,ATMSL
192.168.224.3,InterfaceInDiscardsRate(GigabitEthernet0/23),180,3,10,ATMSL
192.168.224.3,InterfaceInErrorsRate(GigabitEthernet0/13),180,3,10,ATMSL
192.168.224.3,InterfaceInErrorsRate(GigabitEthernet0/14),180,3,10,ATMSL
192.168.224.3,InterfaceInErrorsRate(GigabitEthernet0/15),180,3,10,ATMSL
192.168.224.3,InterfaceInErrorsRate(GigabitEthernet0/16),180,3,10,ATMSL
192.168.224.3,InterfaceInErrorsRate(GigabitEthernet0/7),180,3,10,ATMSL
192.168.224.3,InterfaceInErrorsRate(GigabitEthernet0/8),180,3,10,ATMSL
192.168.224.3,InterfaceInErrorsRate(GigabitEthernet0/9),180,3,10,ATMSL
192.168.224.3,InterfaceInErrorsRate(Vlan101),180,3,10,ATMSL
192.168.224.3,InterfaceInUtilization(GigabitEthernet0/20),60,3,90,ATMSL
192.168.224.3,InterfaceInUtilization(GigabitEthernet0/21),60,3,90,ATMSL
192.168.224.3,InterfaceInUtilization(GigabitEthernet0/22),60,3,90,ATMSL
192.168.224.3,InterfaceInUtilization(GigabitEthernet0/23),60,3,90,ATMSL
192.168.224.3,InterfaceInUtilization(GigabitEthernet0/24),60,3,90,ATMSL
192.168.224.3,InterfaceOperStatus(GigabitEthernet0/13),60,3,DOWN,ATMSL
192.168.224.3,InterfaceOperStatus(GigabitEthernet0/14),60,3,DOWN,ATMSL
192.168.224.3,InterfaceOperStatus(GigabitEthernet0/15),60,3,DOWN,ATMSL
192.168.224.3,InterfaceOperStatus(GigabitEthernet0/16),60,3,DOWN,ATMSL
192.168.224.3,InterfaceOperStatus(GigabitEthernet0/7),60,3,DOWN,ATMSL
192.168.224.3,InterfaceOperStatus(GigabitEthernet0/8),60,3,DOWN,ATMSL
192.168.224.3,InterfaceOperStatus(GigabitEthernet0/9),60,3,DOWN,ATMSL
192.168.224.3,InterfaceOperStatus(Vlan101),60,3,DOWN,ATMSL
192.168.224.3,InterfaceOutDiscardsRate(GigabitEthernet0/13),180,3,10,ATMSL
192.168.224.3,InterfaceOutDiscardsRate(GigabitEthernet0/14),180,3,10,ATMSL
192.168.224.3,InterfaceOutDiscardsRate(GigabitEthernet0/15),180,3,10,ATMSL
192.168.224.3,InterfaceOutDiscardsRate(GigabitEthernet0/16),180,3,10,ATMSL
192.168.224.3,InterfaceOutDiscardsRate(GigabitEthernet0/7),180,3,10,ATMSL
192.168.224.3,InterfaceOutDiscardsRate(GigabitEthernet0/8),180,3,10,ATMSL
192.168.224.3,InterfaceOutDiscardsRate(GigabitEthernet0/9),180,3,10,ATMSL
192.168.224.3,InterfaceOutDiscardsRate(Vlan101),180,3,10,ATMSL
192.168.224.3,InterfaceOutErrorsRate(GigabitEthernet0/21),180,3,10,ATMSL
192.168.224.3,InterfaceOutErrorsRate(GigabitEthernet0/22),180,3,10,ATMSL
192.168.224.3,InterfaceOutErrorsRate(GigabitEthernet0/23),180,3,10,ATMSL
192.168.224.3,InterfaceOutErrorsRate(GigabitEthernet0/24),180,3,10,ATMSL
192.168.224.3,InterfaceOutUtilization(GigabitEthernet0/14),60,3,80,ATMSL
192.168.224.3,InterfaceOutUtilization(GigabitEthernet0/15),60,3,80,ATMSL
192.168.224.3,InterfaceOutUtilization(GigabitEthernet0/16),60,3,90,ATMSL
192.168.224.3,InterfaceOutUtilization(GigabitEthernet0/17),60,3,80,ATMSL
192.168.224.3,InterfaceOutUtilization(GigabitEthernet0/7),60,3,90,ATMSL
192.168.224.3,InterfaceOutUtilization(GigabitEthernet0/8),60,3,90,ATMSL
192.168.224.3,InterfaceOutUtilization(GigabitEthernet0/9),60,3,80,ATMSL
192.168.224.3,InterfaceCRCErrors(GigabitEthernet0/1),120,3,100,ATMSL
192.168.224.3,InterfaceCRCErrors(GigabitEthernet0/11),120,3,100,ATMSL
192.168.224.3,InterfaceCRCErrors(GigabitEthernet0/18),120,3,100,ATMSL
192.168.224.3,InterfaceCRCErrors(GigabitEthernet0/2),120,3,100,ATMSL
192.168.224.3,InterfaceCRCErrors(GigabitEthernet0/24),120,3,100,ATMSL
192.168.224.3,InterfaceCRCErrors(GigabitEthernet0/4),120,3,100,ATMSL
192.168.224.3,InterfaceInDiscardsRate(GigabitEthernet0/1),180,3,10,ATMSL
192.168.224.3,InterfaceInDiscardsRate(GigabitEthernet0/11),180,3,10,ATMSL
192.168.224.3,InterfaceInDiscardsRate(GigabitEthernet0/18),180,3,10,ATMSL
192.168.224.3,InterfaceInDiscardsRate(GigabitEthernet0/2),180,3,10,ATMSL
192.168.224.3,InterfaceInDiscardsRate(GigabitEthernet0/24),180,3,10,ATMSL
192.168.224.3,InterfaceInDiscardsRate(GigabitEthernet0/4),180,3,10,ATMSL
192.168.224.3,InterfaceInDiscardsRate(GigabitEthernet0/6),180,3,10,ATMSL
192.168.224.3,InterfaceInErrorsRate(GigabitEthernet0/1),180,3,10,ATMSL
192.168.224.3,InterfaceInErrorsRate(GigabitEthernet0/11),180,3,10,ATMSL
192.168.224.3,InterfaceInErrorsRate(GigabitEthernet0/18),180,3,10,ATMSL
192.168.224.3,InterfaceInErrorsRate(GigabitEthernet0/2),180,3,10,ATMSL
192.168.224.3,InterfaceInErrorsRate(GigabitEthernet0/24),180,3,10,ATMSL
192.168.224.3,InterfaceInErrorsRate(GigabitEthernet0/4),180,3,10,ATMSL
192.168.224.3,InterfaceInErrorsRate(GigabitEthernet0/6),180,3,10,ATMSL
192.168.224.3,InterfaceInUtilization(GigabitEthernet0/1),60,3,90,ATMSL
192.168.224.3,InterfaceInUtilization(GigabitEthernet0/11),60,3,90,ATMSL
192.168.224.3,InterfaceInUtilization(GigabitEthernet0/18),60,3,80,ATMSL
192.168.224.3,InterfaceInUtilization(GigabitEthernet0/2),60,3,90,ATMSL
192.168.224.3,InterfaceCRCErrors(GigabitEthernet0/10),120,3,100,ATMSL
192.168.224.3,InterfaceCRCErrors(GigabitEthernet0/12),120,3,100,ATMSL
192.168.224.3,InterfaceCRCErrors(GigabitEthernet0/17),120,3,100,ATMSL
192.168.224.3,InterfaceCRCErrors(GigabitEthernet0/19),120,3,100,ATMSL
192.168.224.3,InterfaceCRCErrors(GigabitEthernet0/3),120,3,100,ATMSL
192.168.224.3,InterfaceCRCErrors(GigabitEthernet0/5),120,3,100,ATMSL
192.168.224.3,InterfaceInDiscardsRate(GigabitEthernet0/10),180,3,10,ATMSL
192.168.224.3,InterfaceInDiscardsRate(GigabitEthernet0/12),180,3,10,ATMSL
192.168.224.3,InterfaceInDiscardsRate(GigabitEthernet0/17),180,3,10,ATMSL
192.168.224.3,InterfaceInDiscardsRate(GigabitEthernet0/19),180,3,10,ATMSL
192.168.224.3,InterfaceInDiscardsRate(GigabitEthernet0/3),180,3,10,ATMSL
192.168.224.3,InterfaceInDiscardsRate(GigabitEthernet0/5),180,3,10,ATMSL
192.168.224.3,InterfaceInErrorsRate(GigabitEthernet0/10),180,3,10,ATMSL
192.168.224.3,InterfaceInErrorsRate(GigabitEthernet0/12),180,3,10,ATMSL
192.168.224.3,InterfaceInErrorsRate(GigabitEthernet0/17),180,3,10,ATMSL
192.168.224.3,InterfaceInErrorsRate(GigabitEthernet0/19),180,3,10,ATMSL
192.168.224.3,InterfaceInErrorsRate(GigabitEthernet0/3),180,3,10,ATMSL
192.168.224.3,InterfaceInErrorsRate(GigabitEthernet0/5),180,3,10,ATMSL
192.168.224.3,InterfaceInUtilization(GigabitEthernet0/10),60,3,90,ATMSL
192.168.224.3,InterfaceInUtilization(GigabitEthernet0/12),60,3,80,ATMSL
192.168.224.3,InterfaceInUtilization(GigabitEthernet0/17),60,3,80,ATMSL
192.168.224.3,InterfaceInUtilization(GigabitEthernet0/19),60,3,90,ATMSL
192.168.224.3,InterfaceInUtilization(GigabitEthernet0/3),60,3,90,ATMSL
192.168.224.3,InterfaceInUtilization(GigabitEthernet0/5),60,3,90,ATMSL
192.168.224.3,InterfaceOperStatus(GigabitEthernet0/10),60,3,DOWN,ATMSL
192.168.224.3,InterfaceOperStatus(GigabitEthernet0/12),60,3,DOWN,ATMSL
192.168.224.3,InterfaceOperStatus(GigabitEthernet0/17),60,3,DOWN,ATMSL
192.168.224.3,InterfaceOperStatus(GigabitEthernet0/19),60,3,DOWN,ATMSL
192.168.224.3,InterfaceOperStatus(GigabitEthernet0/20),60,3,DOWN,ATMSL
192.168.224.3,InterfaceOperStatus(GigabitEthernet0/3),60,3,DOWN,ATMSL
192.168.224.3,InterfaceOperStatus(GigabitEthernet0/5),60,3,DOWN,ATMSL
192.168.224.3,InterfaceOutDiscardsRate(GigabitEthernet0/10),180,3,10,ATMSL
192.168.224.3,InterfaceOutDiscardsRate(GigabitEthernet0/12),180,3,10,ATMSL
192.168.224.3,InterfaceOutDiscardsRate(GigabitEthernet0/17),180,3,10,ATMSL
192.168.224.3,InterfaceOutDiscardsRate(GigabitEthernet0/19),180,3,10,ATMSL
192.168.224.3,InterfaceOutDiscardsRate(GigabitEthernet0/20),180,3,10,ATMSL
192.168.224.3,InterfaceOutDiscardsRate(GigabitEthernet0/3),180,3,10,ATMSL
192.168.224.3,InterfaceOutDiscardsRate(GigabitEthernet0/5),180,3,10,ATMSL
192.168.224.3,InterfaceOutErrorsRate(GigabitEthernet0/10),180,3,10,ATMSL
192.168.224.3,InterfaceOutErrorsRate(GigabitEthernet0/12),180,3,10,ATMSL
192.168.224.3,InterfaceOutErrorsRate(GigabitEthernet0/19),180,3,10,ATMSL
192.168.224.3,InterfaceOutErrorsRate(GigabitEthernet0/20),180,3,10,ATMSL
192.168.224.3,InterfaceOutErrorsRate(GigabitEthernet0/3),180,3,10,ATMSL
192.168.224.3,InterfaceOutErrorsRate(GigabitEthernet0/5),180,3,10,ATMSL
192.168.224.3,InterfaceOutUtilization(GigabitEthernet0/10),60,3,90,ATMSL
192.168.224.3,InterfaceOutUtilization(GigabitEthernet0/12),60,3,80,ATMSL
192.168.224.3,InterfaceOutUtilization(GigabitEthernet0/19),60,3,90,ATMSL
192.168.224.3,InterfaceOutUtilization(GigabitEthernet0/20),60,3,90,ATMSL
192.168.224.3,InterfaceOutUtilization(GigabitEthernet0/3),60,3,90,ATMSL
192.168.224.3,InterfaceInErrorsRate(GigabitEthernet0/21),180,3,10,ATMSL
192.168.224.3,InterfaceInErrorsRate(GigabitEthernet0/22),180,3,10,ATMSL
192.168.224.3,InterfaceInErrorsRate(GigabitEthernet0/23),180,3,10,ATMSL
192.168.224.3,InterfaceInUtilization(GigabitEthernet0/13),60,3,80,ATMSL
192.168.224.3,InterfaceInUtilization(GigabitEthernet0/14),60,3,80,ATMSL
192.168.224.3,InterfaceInUtilization(GigabitEthernet0/15),60,3,80,ATMSL
192.168.224.3,InterfaceInUtilization(GigabitEthernet0/16),60,3,90,ATMSL
192.168.224.3,InterfaceInUtilization(GigabitEthernet0/7),60,3,90,ATMSL
192.168.224.3,InterfaceInUtilization(GigabitEthernet0/8),60,3,90,ATMSL
192.168.224.3,InterfaceInUtilization(GigabitEthernet0/9),60,3,80,ATMSL
192.168.224.3,InterfaceInUtilization(Vlan101),60,3,90,ATMSL
192.168.224.3,InterfaceOperStatus(GigabitEthernet0/21),60,3,DOWN,ATMSL
192.168.224.3,InterfaceOperStatus(GigabitEthernet0/22),60,3,DOWN,ATMSL
192.168.224.3,InterfaceOperStatus(GigabitEthernet0/23),60,3,DOWN,ATMSL
192.168.224.3,InterfaceOperStatus(GigabitEthernet0/24),60,3,DOWN,ATMSL
192.168.224.3,InterfaceOutDiscardsRate(GigabitEthernet0/21),180,3,10,ATMSL
192.168.224.3,InterfaceOutDiscardsRate(GigabitEthernet0/22),180,3,10,ATMSL
192.168.224.3,InterfaceOutDiscardsRate(GigabitEthernet0/23),180,3,10,ATMSL
192.168.224.3,InterfaceOutDiscardsRate(GigabitEthernet0/24),180,3,10,ATMSL
192.168.224.3,InterfaceOutErrorsRate(GigabitEthernet0/13),180,3,10,ATMSL
192.168.224.3,InterfaceOutErrorsRate(GigabitEthernet0/14),180,3,10,ATMSL
192.168.224.3,InterfaceOutErrorsRate(GigabitEthernet0/15),180,3,10,ATMSL
192.168.224.3,InterfaceOutErrorsRate(GigabitEthernet0/16),180,3,10,ATMSL
192.168.224.3,InterfaceOutErrorsRate(GigabitEthernet0/17),180,3,10,ATMSL
192.168.224.3,InterfaceOutErrorsRate(GigabitEthernet0/7),180,3,10,ATMSL
192.168.224.3,InterfaceOutErrorsRate(GigabitEthernet0/8),180,3,10,ATMSL
192.168.224.3,InterfaceOutErrorsRate(GigabitEthernet0/9),180,3,10,ATMSL
192.168.224.3,InterfaceOutErrorsRate(Vlan101),180,3,10,ATMSL
192.168.224.3,InterfaceOutUtilization(GigabitEthernet0/21),60,3,90,ATMSL
192.168.224.3,InterfaceOutUtilization(GigabitEthernet0/22),60,3,90,ATMSL
192.168.224.3,InterfaceOutUtilization(GigabitEthernet0/23),60,3,90,ATMSL
192.168.224.3,InterfaceOutUtilization(GigabitEthernet0/24),60,3,90,ATMSL
192.168.224.3,InterfaceInUtilization(GigabitEthernet0/4),60,3,90,ATMSL
192.168.224.3,InterfaceInUtilization(GigabitEthernet0/6),60,3,90,ATMSL
192.168.224.3,InterfaceOperStatus(GigabitEthernet0/1),60,3,DOWN,ATMSL
192.168.224.3,InterfaceOperStatus(GigabitEthernet0/11),60,3,DOWN,ATMSL
192.168.224.3,InterfaceOperStatus(GigabitEthernet0/18),60,3,DOWN,ATMSL
192.168.224.3,InterfaceOperStatus(GigabitEthernet0/2),60,3,DOWN,ATMSL
192.168.224.3,InterfaceOperStatus(GigabitEthernet0/4),60,3,DOWN,ATMSL
192.168.224.3,InterfaceOperStatus(GigabitEthernet0/6),60,3,DOWN,ATMSL
192.168.224.3,InterfaceOutDiscardsRate(GigabitEthernet0/1),180,3,10,ATMSL
192.168.224.3,InterfaceOutDiscardsRate(GigabitEthernet0/11),180,3,10,ATMSL
192.168.224.3,InterfaceOutDiscardsRate(GigabitEthernet0/18),180,3,10,ATMSL
192.168.224.3,InterfaceOutDiscardsRate(GigabitEthernet0/2),180,3,10,ATMSL
192.168.224.3,InterfaceOutDiscardsRate(GigabitEthernet0/4),180,3,10,ATMSL
192.168.224.3,InterfaceOutDiscardsRate(GigabitEthernet0/6),180,3,10,ATMSL
192.168.224.3,InterfaceOutErrorsRate(GigabitEthernet0/1),180,3,10,ATMSL
192.168.224.3,InterfaceOutErrorsRate(GigabitEthernet0/11),180,3,10,ATMSL
192.168.224.3,InterfaceOutErrorsRate(GigabitEthernet0/18),180,3,10,ATMSL
192.168.224.3,InterfaceOutErrorsRate(GigabitEthernet0/2),180,3,10,ATMSL
192.168.224.3,InterfaceOutErrorsRate(GigabitEthernet0/4),180,3,10,ATMSL
192.168.224.3,InterfaceOutErrorsRate(GigabitEthernet0/6),180,3,10,ATMSL
192.168.224.3,InterfaceOutUtilization(GigabitEthernet0/1),60,3,90,ATMSL
192.168.224.3,InterfaceOutUtilization(GigabitEthernet0/11),60,3,90,ATMSL
192.168.224.3,InterfaceOutUtilization(GigabitEthernet0/13),60,3,80,ATMSL
192.168.224.3,InterfaceOutUtilization(GigabitEthernet0/18),60,3,80,ATMSL
192.168.224.3,InterfaceOutUtilization(GigabitEthernet0/2),60,3,90,ATMSL
192.168.224.3,InterfaceOutUtilization(GigabitEthernet0/4),60,3,90,ATMSL
192.168.224.3,InterfaceOutUtilization(GigabitEthernet0/6),60,3,90,ATMSL
192.168.224.3,InterfaceOutUtilization(Vlan101),60,3,90,ATMSL
192.168.224.3,InterfaceOutUtilization(GigabitEthernet0/5),60,3,90,ATMSL
192.168.224.3,InterfaceCRCErrors(GigabitEthernet0/13),120,3,100,ATMSL
192.168.224.3,InterfaceCRCErrors(GigabitEthernet0/14),120,3,100,ATMSL
192.168.224.3,InterfaceCRCErrors(GigabitEthernet0/15),120,3,100,ATMSL
192.168.224.3,InterfaceCRCErrors(GigabitEthernet0/16),120,3,100,ATMSL
192.168.224.3,InterfaceCRCErrors(GigabitEthernet0/6),120,3,100,ATMSL
192.168.224.3,InterfaceCRCErrors(GigabitEthernet0/7),120,3,100,ATMSL
192.168.224.3,InterfaceCRCErrors(GigabitEthernet0/8),120,3,100,ATMSL
192.168.224.3,InterfaceCRCErrors(GigabitEthernet0/9),120,3,100,ATMSL
192.168.224.3,InterfaceCRCErrors(Vlan101),120,3,100,ATMSL
192.168.224.3,InterfaceInDiscardsRate(GigabitEthernet0/13),180,3,10,ATMSL
192.168.224.3,InterfaceInDiscardsRate(GigabitEthernet0/14),180,3,10,ATMSL
192.168.224.3,InterfaceInDiscardsRate(GigabitEthernet0/15),180,3,10,ATMSL
192.168.224.3,InterfaceInDiscardsRate(GigabitEthernet0/16),180,3,10,ATMSL
192.168.224.3,InterfaceInDiscardsRate(GigabitEthernet0/7),180,3,10,ATMSL
192.168.224.3,InterfaceInDiscardsRate(GigabitEthernet0/8),180,3,10,ATMSL
192.168.224.3,InterfaceInDiscardsRate(GigabitEthernet0/9),180,3,10,ATMSL
192.168.224.3,InterfaceInDiscardsRate(Vlan101),180,3,10,ATMSL
192.168.224.3,InterfaceInErrorsRate(GigabitEthernet0/20),180,3,10,ATMSL
192.168.224.3,InterfaceCRCErrors(GigabitEthernet0/20),120,3,100,ATMSL
192.168.224.3,InterfaceCRCErrors(GigabitEthernet0/21),120,3,100,ATMSL
192.168.224.3,InterfaceCRCErrors(GigabitEthernet0/22),120,3,100,ATMSL
192.168.224.3,InterfaceCRCErrors(GigabitEthernet0/23),120,3,100,ATMSL
192.168.224.3,InterfaceInDiscardsRate(GigabitEthernet0/20),180,3,10,ATMSL
192.168.224.3,InterfaceInDiscardsRate(GigabitEthernet0/21),180,3,10,ATMSL
192.168.224.3,InterfaceInDiscardsRate(GigabitEthernet0/22),180,3,10,ATMSL
192.168.224.3,InterfaceInDiscardsRate(GigabitEthernet0/23),180,3,10,ATMSL
192.168.224.3,InterfaceInErrorsRate(GigabitEthernet0/13),180,3,10,ATMSL
192.168.224.3,InterfaceInErrorsRate(GigabitEthernet0/14),180,3,10,ATMSL
192.168.224.3,InterfaceInErrorsRate(GigabitEthernet0/15),180,3,10,ATMSL
192.168.224.3,InterfaceInErrorsRate(GigabitEthernet0/16),180,3,10,ATMSL
192.168.224.3,InterfaceInErrorsRate(GigabitEthernet0/7),180,3,10,ATMSL
192.168.224.3,InterfaceInErrorsRate(GigabitEthernet0/8),180,3,10,ATMSL
192.168.224.3,InterfaceInErrorsRate(GigabitEthernet0/9),180,3,10,ATMSL
192.168.224.3,InterfaceInErrorsRate(Vlan101),180,3,10,ATMSL
192.168.224.3,InterfaceInUtilization(GigabitEthernet0/20),60,3,90,ATMSL
192.168.224.3,InterfaceInUtilization(GigabitEthernet0/21),60,3,90,ATMSL
192.168.224.3,InterfaceInUtilization(GigabitEthernet0/22),60,3,90,ATMSL
192.168.224.3,InterfaceInUtilization(GigabitEthernet0/23),60,3,90,ATMSL
192.168.224.3,InterfaceInUtilization(GigabitEthernet0/24),60,3,90,ATMSL
192.168.224.3,InterfaceOperStatus(GigabitEthernet0/13),60,3,DOWN,ATMSL
192.168.224.3,InterfaceOperStatus(GigabitEthernet0/14),60,3,DOWN,ATMSL
192.168.224.3,InterfaceOperStatus(GigabitEthernet0/15),60,3,DOWN,ATMSL
192.168.224.3,InterfaceOperStatus(GigabitEthernet0/16),60,3,DOWN,ATMSL
192.168.224.3,InterfaceOperStatus(GigabitEthernet0/7),60,3,DOWN,ATMSL
192.168.224.3,InterfaceOperStatus(GigabitEthernet0/8),60,3,DOWN,ATMSL
192.168.224.3,InterfaceOperStatus(GigabitEthernet0/9),60,3,DOWN,ATMSL
192.168.224.3,InterfaceOperStatus(Vlan101),60,3,DOWN,ATMSL
192.168.224.3,InterfaceOutDiscardsRate(GigabitEthernet0/13),180,3,10,ATMSL
192.168.224.3,InterfaceOutDiscardsRate(GigabitEthernet0/14),180,3,10,ATMSL
192.168.224.3,InterfaceOutDiscardsRate(GigabitEthernet0/15),180,3,10,ATMSL
192.168.224.3,InterfaceOutDiscardsRate(GigabitEthernet0/16),180,3,10,ATMSL
192.168.224.3,InterfaceOutDiscardsRate(GigabitEthernet0/7),180,3,10,ATMSL
192.168.224.3,InterfaceOutDiscardsRate(GigabitEthernet0/8),180,3,10,ATMSL
192.168.224.3,InterfaceOutDiscardsRate(GigabitEthernet0/9),180,3,10,ATMSL
192.168.224.3,InterfaceOutDiscardsRate(Vlan101),180,3,10,ATMSL
192.168.224.3,InterfaceOutErrorsRate(GigabitEthernet0/21),180,3,10,ATMSL
192.168.224.3,InterfaceOutErrorsRate(GigabitEthernet0/22),180,3,10,ATMSL
192.168.224.3,InterfaceOutErrorsRate(GigabitEthernet0/23),180,3,10,ATMSL
192.168.224.3,InterfaceOutErrorsRate(GigabitEthernet0/24),180,3,10,ATMSL
192.168.224.3,InterfaceOutUtilization(GigabitEthernet0/14),60,3,80,ATMSL
192.168.224.3,InterfaceOutUtilization(GigabitEthernet0/15),60,3,80,ATMSL
192.168.224.3,InterfaceOutUtilization(GigabitEthernet0/16),60,3,90,ATMSL
192.168.224.3,InterfaceOutUtilization(GigabitEthernet0/17),60,3,80,ATMSL
192.168.224.3,InterfaceOutUtilization(GigabitEthernet0/7),60,3,90,ATMSL
192.168.224.3,InterfaceOutUtilization(GigabitEthernet0/8),60,3,90,ATMSL
192.168.224.3,InterfaceOutUtilization(GigabitEthernet0/9),60,3,80,ATMSL
192.168.224.3,InterfaceCRCErrors(GigabitEthernet0/1),120,3,100,ATMSL
192.168.224.3,InterfaceCRCErrors(GigabitEthernet0/11),120,3,100,ATMSL
192.168.224.3,InterfaceCRCErrors(GigabitEthernet0/18),120,3,100,ATMSL
192.168.224.3,InterfaceCRCErrors(GigabitEthernet0/2),120,3,100,ATMSL
192.168.224.3,InterfaceCRCErrors(GigabitEthernet0/24),120,3,100,ATMSL
192.168.224.3,InterfaceCRCErrors(GigabitEthernet0/4),120,3,100,ATMSL
192.168.224.3,InterfaceInDiscardsRate(GigabitEthernet0/1),180,3,10,ATMSL
192.168.224.3,InterfaceInDiscardsRate(GigabitEthernet0/11),180,3,10,ATMSL
192.168.224.3,InterfaceInDiscardsRate(GigabitEthernet0/18),180,3,10,ATMSL
192.168.224.3,InterfaceInDiscardsRate(GigabitEthernet0/2),180,3,10,ATMSL
192.168.224.3,InterfaceInDiscardsRate(GigabitEthernet0/24),180,3,10,ATMSL
192.168.224.3,InterfaceInDiscardsRate(GigabitEthernet0/4),180,3,10,ATMSL
192.168.224.3,InterfaceInDiscardsRate(GigabitEthernet0/6),180,3,10,ATMSL
192.168.224.3,InterfaceInErrorsRate(GigabitEthernet0/1),180,3,10,ATMSL
192.168.224.3,InterfaceInErrorsRate(GigabitEthernet0/11),180,3,10,ATMSL
192.168.224.3,InterfaceInErrorsRate(GigabitEthernet0/18),180,3,10,ATMSL
192.168.224.3,InterfaceInErrorsRate(GigabitEthernet0/2),180,3,10,ATMSL
192.168.224.3,InterfaceInErrorsRate(GigabitEthernet0/24),180,3,10,ATMSL
192.168.224.3,InterfaceInErrorsRate(GigabitEthernet0/4),180,3,10,ATMSL
192.168.224.3,InterfaceInErrorsRate(GigabitEthernet0/6),180,3,10,ATMSL
192.168.224.3,InterfaceInUtilization(GigabitEthernet0/1),60,3,90,ATMSL
192.168.224.3,InterfaceInUtilization(GigabitEthernet0/11),60,3,90,ATMSL
192.168.224.3,InterfaceInUtilization(GigabitEthernet0/18),60,3,80,ATMSL
192.168.224.3,InterfaceInUtilization(GigabitEthernet0/2),60,3,90,ATMSL
192.168.224.3,InterfaceCRCErrors(GigabitEthernet0/10),120,3,100,ATMSL
192.168.224.3,InterfaceCRCErrors(GigabitEthernet0/12),120,3,100,ATMSL
192.168.224.3,InterfaceCRCErrors(GigabitEthernet0/17),120,3,100,ATMSL
192.168.224.3,InterfaceCRCErrors(GigabitEthernet0/19),120,3,100,ATMSL
192.168.224.3,InterfaceCRCErrors(GigabitEthernet0/3),120,3,100,ATMSL
192.168.224.3,InterfaceCRCErrors(GigabitEthernet0/5),120,3,100,ATMSL
192.168.224.3,InterfaceInDiscardsRate(GigabitEthernet0/10),180,3,10,ATMSL
192.168.224.3,InterfaceInDiscardsRate(GigabitEthernet0/12),180,3,10,ATMSL
192.168.224.3,InterfaceInDiscardsRate(GigabitEthernet0/17),180,3,10,ATMSL
192.168.224.3,InterfaceInDiscardsRate(GigabitEthernet0/19),180,3,10,ATMSL
192.168.224.3,InterfaceInDiscardsRate(GigabitEthernet0/3),180,3,10,ATMSL
192.168.224.3,InterfaceInDiscardsRate(GigabitEthernet0/5),180,3,10,ATMSL
192.168.224.3,InterfaceInErrorsRate(GigabitEthernet0/10),180,3,10,ATMSL
192.168.224.3,InterfaceInErrorsRate(GigabitEthernet0/12),180,3,10,ATMSL
192.168.224.3,InterfaceInErrorsRate(GigabitEthernet0/17),180,3,10,ATMSL
192.168.224.3,InterfaceInErrorsRate(GigabitEthernet0/19),180,3,10,ATMSL
192.168.224.3,InterfaceInErrorsRate(GigabitEthernet0/3),180,3,10,ATMSL
192.168.224.3,InterfaceInErrorsRate(GigabitEthernet0/5),180,3,10,ATMSL
192.168.224.3,InterfaceInUtilization(GigabitEthernet0/10),60,3,90,ATMSL
192.168.224.3,InterfaceInUtilization(GigabitEthernet0/12),60,3,80,ATMSL
192.168.224.3,InterfaceInUtilization(GigabitEthernet0/17),60,3,80,ATMSL
192.168.224.3,InterfaceInUtilization(GigabitEthernet0/19),60,3,90,ATMSL
192.168.224.3,InterfaceInUtilization(GigabitEthernet0/3),60,3,90,ATMSL
192.168.224.3,InterfaceInUtilization(GigabitEthernet0/5),60,3,90,ATMSL
192.168.224.3,InterfaceOperStatus(GigabitEthernet0/10),60,3,DOWN,ATMSL
192.168.224.3,InterfaceOperStatus(GigabitEthernet0/12),60,3,DOWN,ATMSL
192.168.224.3,InterfaceOperStatus(GigabitEthernet0/17),60,3,DOWN,ATMSL
192.168.224.3,InterfaceOperStatus(GigabitEthernet0/19),60,3,DOWN,ATMSL
192.168.224.3,InterfaceOperStatus(GigabitEthernet0/20),60,3,DOWN,ATMSL
192.168.224.3,InterfaceOperStatus(GigabitEthernet0/3),60,3,DOWN,ATMSL
192.168.224.3,InterfaceOperStatus(GigabitEthernet0/5),60,3,DOWN,ATMSL
192.168.224.3,InterfaceOutDiscardsRate(GigabitEthernet0/10),180,3,10,ATMSL
192.168.224.3,InterfaceOutDiscardsRate(GigabitEthernet0/12),180,3,10,ATMSL
192.168.224.3,InterfaceOutDiscardsRate(GigabitEthernet0/17),180,3,10,ATMSL
192.168.224.3,InterfaceOutDiscardsRate(GigabitEthernet0/19),180,3,10,ATMSL
192.168.224.3,InterfaceOutDiscardsRate(GigabitEthernet0/20),180,3,10,ATMSL
192.168.224.3,InterfaceOutDiscardsRate(GigabitEthernet0/3),180,3,10,ATMSL
192.168.224.3,InterfaceOutDiscardsRate(GigabitEthernet0/5),180,3,10,ATMSL
192.168.224.3,InterfaceOutErrorsRate(GigabitEthernet0/10),180,3,10,ATMSL
192.168.224.3,InterfaceOutErrorsRate(GigabitEthernet0/12),180,3,10,ATMSL
192.168.224.3,InterfaceOutErrorsRate(GigabitEthernet0/19),180,3,10,ATMSL
192.168.224.3,InterfaceOutErrorsRate(GigabitEthernet0/20),180,3,10,ATMSL
192.168.224.3,InterfaceOutErrorsRate(GigabitEthernet0/3),180,3,10,ATMSL
192.168.224.3,InterfaceOutErrorsRate(GigabitEthernet0/5),180,3,10,ATMSL
192.168.224.3,InterfaceOutUtilization(GigabitEthernet0/10),60,3,90,ATMSL
192.168.224.3,InterfaceOutUtilization(GigabitEthernet0/12),60,3,80,ATMSL
192.168.224.3,InterfaceOutUtilization(GigabitEthernet0/19),60,3,90,ATMSL
192.168.224.3,InterfaceOutUtilization(GigabitEthernet0/20),60,3,90,ATMSL
192.168.224.3,InterfaceOutUtilization(GigabitEthernet0/3),60,3,90,ATMSL
192.168.224.3,InterfaceInErrorsRate(GigabitEthernet0/21),180,3,10,ATMSL
192.168.224.3,InterfaceInErrorsRate(GigabitEthernet0/22),180,3,10,ATMSL
192.168.224.3,InterfaceInErrorsRate(GigabitEthernet0/23),180,3,10,ATMSL
192.168.224.3,InterfaceInUtilization(GigabitEthernet0/13),60,3,80,ATMSL
192.168.224.3,InterfaceInUtilization(GigabitEthernet0/14),60,3,80,ATMSL
192.168.224.3,InterfaceInUtilization(GigabitEthernet0/15),60,3,80,ATMSL
192.168.224.3,InterfaceInUtilization(GigabitEthernet0/16),60,3,90,ATMSL
192.168.224.3,InterfaceInUtilization(GigabitEthernet0/7),60,3,90,ATMSL
192.168.224.3,InterfaceInUtilization(GigabitEthernet0/8),60,3,90,ATMSL
192.168.224.3,InterfaceInUtilization(GigabitEthernet0/9),60,3,80,ATMSL
192.168.224.3,InterfaceInUtilization(Vlan101),60,3,90,ATMSL
192.168.224.3,InterfaceOperStatus(GigabitEthernet0/21),60,3,DOWN,ATMSL
192.168.224.3,InterfaceOperStatus(GigabitEthernet0/22),60,3,DOWN,ATMSL
192.168.224.3,InterfaceOperStatus(GigabitEthernet0/23),60,3,DOWN,ATMSL
192.168.224.3,InterfaceOperStatus(GigabitEthernet0/24),60,3,DOWN,ATMSL
192.168.224.3,InterfaceOutDiscardsRate(GigabitEthernet0/21),180,3,10,ATMSL
192.168.224.3,InterfaceOutDiscardsRate(GigabitEthernet0/22),180,3,10,ATMSL
192.168.224.3,InterfaceOutDiscardsRate(GigabitEthernet0/23),180,3,10,ATMSL
192.168.224.3,InterfaceOutDiscardsRate(GigabitEthernet0/24),180,3,10,ATMSL
192.168.224.3,InterfaceOutErrorsRate(GigabitEthernet0/13),180,3,10,ATMSL
192.168.224.3,InterfaceOutErrorsRate(GigabitEthernet0/14),180,3,10,ATMSL
192.168.224.3,InterfaceOutErrorsRate(GigabitEthernet0/15),180,3,10,ATMSL
192.168.224.3,InterfaceOutErrorsRate(GigabitEthernet0/16),180,3,10,ATMSL
192.168.224.3,InterfaceOutErrorsRate(GigabitEthernet0/17),180,3,10,ATMSL
192.168.224.3,InterfaceOutErrorsRate(GigabitEthernet0/7),180,3,10,ATMSL
192.168.224.3,InterfaceOutErrorsRate(GigabitEthernet0/8),180,3,10,ATMSL
192.168.224.3,InterfaceOutErrorsRate(GigabitEthernet0/9),180,3,10,ATMSL
192.168.224.3,InterfaceOutErrorsRate(Vlan101),180,3,10,ATMSL
192.168.224.3,InterfaceOutUtilization(GigabitEthernet0/21),60,3,90,ATMSL
192.168.224.3,InterfaceOutUtilization(GigabitEthernet0/22),60,3,90,ATMSL
192.168.224.3,InterfaceOutUtilization(GigabitEthernet0/23),60,3,90,ATMSL
192.168.224.3,InterfaceOutUtilization(GigabitEthernet0/24),60,3,90,ATMSL
192.168.224.3,InterfaceInUtilization(GigabitEthernet0/4),60,3,90,ATMSL
192.168.224.3,InterfaceInUtilization(GigabitEthernet0/6),60,3,90,ATMSL
192.168.224.3,InterfaceOperStatus(GigabitEthernet0/1),60,3,DOWN,ATMSL
192.168.224.3,InterfaceOperStatus(GigabitEthernet0/11),60,3,DOWN,ATMSL
192.168.224.3,InterfaceOperStatus(GigabitEthernet0/18),60,3,DOWN,ATMSL
192.168.224.3,InterfaceOperStatus(GigabitEthernet0/2),60,3,DOWN,ATMSL
192.168.224.3,InterfaceOperStatus(GigabitEthernet0/4),60,3,DOWN,ATMSL
192.168.224.3,InterfaceOperStatus(GigabitEthernet0/6),60,3,DOWN,ATMSL
192.168.224.3,InterfaceOutDiscardsRate(GigabitEthernet0/1),180,3,10,ATMSL
192.168.224.3,InterfaceOutDiscardsRate(GigabitEthernet0/11),180,3,10,ATMSL
192.168.224.3,InterfaceOutDiscardsRate(GigabitEthernet0/18),180,3,10,ATMSL
192.168.224.3,InterfaceOutDiscardsRate(GigabitEthernet0/2),180,3,10,ATMSL
192.168.224.3,InterfaceOutDiscardsRate(GigabitEthernet0/4),180,3,10,ATMSL
192.168.224.3,InterfaceOutDiscardsRate(GigabitEthernet0/6),180,3,10,ATMSL
192.168.224.3,InterfaceOutErrorsRate(GigabitEthernet0/1),180,3,10,ATMSL
192.168.224.3,InterfaceOutErrorsRate(GigabitEthernet0/11),180,3,10,ATMSL
192.168.224.3,InterfaceOutErrorsRate(GigabitEthernet0/18),180,3,10,ATMSL
192.168.224.3,InterfaceOutErrorsRate(GigabitEthernet0/2),180,3,10,ATMSL
192.168.224.3,InterfaceOutErrorsRate(GigabitEthernet0/4),180,3,10,ATMSL
192.168.224.3,InterfaceOutErrorsRate(GigabitEthernet0/6),180,3,10,ATMSL
192.168.224.3,InterfaceOutUtilization(GigabitEthernet0/1),60,3,90,ATMSL
192.168.224.3,InterfaceOutUtilization(GigabitEthernet0/11),60,3,90,ATMSL
192.168.224.3,InterfaceOutUtilization(GigabitEthernet0/13),60,3,80,ATMSL
192.168.224.3,InterfaceOutUtilization(GigabitEthernet0/18),60,3,80,ATMSL
192.168.224.3,InterfaceOutUtilization(GigabitEthernet0/2),60,3,90,ATMSL
192.168.224.3,InterfaceOutUtilization(GigabitEthernet0/4),60,3,90,ATMSL
192.168.224.3,InterfaceOutUtilization(GigabitEthernet0/6),60,3,90,ATMSL
192.168.224.3,InterfaceOutUtilization(Vlan101),60,3,90,ATMSL
192.168.224.3,InterfaceOutUtilization(GigabitEthernet0/5),60,3,90,ATMSL
10.254.208.5,InterfaceCRCErrors(gigabitethernet10),120,3,100,ATMSL
10.254.208.5,InterfaceCRCErrors(gigabitethernet12),120,3,100,ATMSL
10.254.208.5,InterfaceCRCErrors(1),120,3,100,ATMSL
10.254.208.5,InterfaceCRCErrors(1),120,3,100,ATMSL
10.254.208.5,InterfaceCRCErrors(1),120,3,100,ATMSL
10.254.208.5,InterfaceCRCErrors(1),120,3,100,ATMSL
10.254.208.5,InterfaceCRCErrors(500),120,3,100,ATMSL
10.254.208.5,InterfaceCRCErrors(gigabitethernet1),120,3,100,ATMSL
10.254.208.5,InterfaceCRCErrors(gigabitethernet22),120,3,100,ATMSL
10.254.208.5,InterfaceCRCErrors(gigabitethernet23),120,3,100,ATMSL
10.254.208.5,InterfaceCRCErrors(gigabitethernet24),120,3,100,ATMSL
10.254.208.5,InterfaceCRCErrors(gigabitethernet25),120,3,100,ATMSL
10.254.208.5,InterfaceInDiscardsRate(gigabitethernet1),180,3,10,ATMSL
10.254.208.5,InterfaceInDiscardsRate(gigabitethernet10),180,3,10,ATMSL
10.254.208.5,InterfaceInDiscardsRate(gigabitethernet11),180,3,10,ATMSL
10.254.208.5,InterfaceInDiscardsRate(gigabitethernet12),180,3,10,ATMSL
10.254.208.5,InterfaceInDiscardsRate(gigabitethernet24),180,3,10,ATMSL
10.254.208.5,InterfaceInDiscardsRate(gigabitethernet25),180,3,10,ATMSL
10.254.208.5,InterfaceInDiscardsRate(gigabitethernet26),180,3,10,ATMSL
10.254.208.5,InterfaceInDiscardsRate(gigabitethernet27),180,3,10,ATMSL
10.254.208.5,InterfaceInDiscardsRate(gigabitethernet28),180,3,10,ATMSL
10.254.208.5,InterfaceInErrorsRate(gigabitethernet10),180,3,10,ATMSL
10.254.208.5,InterfaceCRCErrors(gigabitethernet11),120,3,100,ATMSL
10.254.208.5,InterfaceCRCErrors(gigabitethernet13),120,3,100,ATMSL
10.254.208.5,InterfaceCRCErrors(gigabitethernet18),120,3,100,ATMSL
10.254.208.5,InterfaceCRCErrors(gigabitethernet2),120,3,100,ATMSL
10.254.208.5,InterfaceCRCErrors(gigabitethernet21),120,3,100,ATMSL
10.254.208.5,InterfaceCRCErrors(gigabitethernet26),120,3,100,ATMSL
10.254.208.5,InterfaceCRCErrors(gigabitethernet28),120,3,100,ATMSL
10.254.208.5,InterfaceCRCErrors(gigabitethernet9),120,3,100,ATMSL
10.254.208.5,InterfaceCRCErrors(tunnel1),120,3,100,ATMSL
10.254.208.5,InterfaceInDiscardsRate(500),180,3,10,ATMSL
10.254.208.5,InterfaceInDiscardsRate(gigabitethernet13),180,3,10,ATMSL
10.254.208.5,InterfaceInDiscardsRate(gigabitethernet15),180,3,10,ATMSL
10.254.208.5,InterfaceInDiscardsRate(gigabitethernet21),180,3,10,ATMSL
10.254.208.5,InterfaceInDiscardsRate(gigabitethernet23),180,3,10,ATMSL
10.254.208.5,InterfaceInDiscardsRate(gigabitethernet4),180,3,10,ATMSL
10.254.208.5,InterfaceInDiscardsRate(gigabitethernet6),180,3,10,ATMSL
10.254.208.5,InterfaceInDiscardsRate(tunnel1),180,3,10,ATMSL
10.254.208.5,InterfaceInErrorsRate(500),180,3,10,ATMSL
10.254.208.5,InterfaceInErrorsRate(gigabitethernet15),180,3,10,ATMSL
10.254.208.5,InterfaceInErrorsRate(gigabitethernet17),180,3,10,ATMSL
10.254.208.5,InterfaceInErrorsRate(gigabitethernet23),180,3,10,ATMSL
10.254.208.5,InterfaceInErrorsRate(gigabitethernet25),180,3,10,ATMSL
10.254.208.5,InterfaceInErrorsRate(gigabitethernet4),180,3,10,ATMSL
10.254.208.5,InterfaceInErrorsRate(gigabitethernet6),180,3,10,ATMSL
10.254.208.5,InterfaceInUtilization(gigabitethernet10),60,3,90,ATMSL
10.254.208.5,InterfaceInUtilization(gigabitethernet12),60,3,90,ATMSL
10.254.208.5,InterfaceInUtilization(gigabitethernet19),60,3,90,ATMSL
10.254.208.5,InterfaceInUtilization(gigabitethernet20),60,3,90,ATMSL
10.254.208.5,InterfaceInUtilization(gigabitethernet27),60,3,90,ATMSL
10.254.208.5,InterfaceInUtilization(gigabitethernet3),60,3,90,ATMSL
10.254.208.5,InterfaceInUtilization(gigabitethernet8),60,3,90,ATMSL
10.254.208.5,InterfaceInUtilization(Logical-int 1),60,3,90,ATMSL
10.254.208.5,InterfaceOperStatus(gigabitethernet12),60,3,DOWN,ATMSL
10.254.208.5,InterfaceOperStatus(gigabitethernet14),60,3,DOWN,ATMSL
10.254.208.5,InterfaceOperStatus(gigabitethernet20),60,3,DOWN,ATMSL
10.254.208.5,InterfaceCRCErrors(gigabitethernet19),120,3,100,ATMSL
10.254.208.5,InterfaceCRCErrors(gigabitethernet20),120,3,100,ATMSL
10.254.208.5,InterfaceCRCErrors(gigabitethernet27),120,3,100,ATMSL
10.254.208.5,InterfaceCRCErrors(gigabitethernet3),120,3,100,ATMSL
10.254.208.5,InterfaceCRCErrors(gigabitethernet8),120,3,100,ATMSL
10.254.208.5,InterfaceCRCErrors(Logical-int 1),120,3,100,ATMSL
10.254.208.5,InterfaceInDiscardsRate(1),180,3,10,ATMSL
10.254.208.5,InterfaceInDiscardsRate(1),180,3,10,ATMSL
10.254.208.5,InterfaceInDiscardsRate(1),180,3,10,ATMSL
10.254.208.5,InterfaceInDiscardsRate(1),180,3,10,ATMSL
10.254.208.5,InterfaceInDiscardsRate(gigabitethernet14),180,3,10,ATMSL
10.254.208.5,InterfaceInDiscardsRate(gigabitethernet16),180,3,10,ATMSL
10.254.208.5,InterfaceInDiscardsRate(gigabitethernet20),180,3,10,ATMSL
10.254.208.5,InterfaceInDiscardsRate(gigabitethernet22),180,3,10,ATMSL
10.254.208.5,InterfaceInDiscardsRate(gigabitethernet3),180,3,10,ATMSL
10.254.208.5,InterfaceInDiscardsRate(gigabitethernet5),180,3,10,ATMSL
10.254.208.5,InterfaceInErrorsRate(1),180,3,10,ATMSL
10.254.208.5,InterfaceInErrorsRate(1),180,3,10,ATMSL
10.254.208.5,InterfaceInErrorsRate(1),180,3,10,ATMSL
10.254.208.5,InterfaceInErrorsRate(1),180,3,10,ATMSL
10.254.208.5,InterfaceInErrorsRate(gigabitethernet1),180,3,10,ATMSL
10.254.208.5,InterfaceInErrorsRate(gigabitethernet14),180,3,10,ATMSL
10.254.208.5,InterfaceInErrorsRate(gigabitethernet16),180,3,10,ATMSL
10.254.208.5,InterfaceInErrorsRate(gigabitethernet22),180,3,10,ATMSL
10.254.208.5,InterfaceInErrorsRate(gigabitethernet24),180,3,10,ATMSL
10.254.208.5,InterfaceInErrorsRate(gigabitethernet5),180,3,10,ATMSL
10.254.208.5,InterfaceInErrorsRate(gigabitethernet7),180,3,10,ATMSL
10.254.208.5,InterfaceInUtilization(gigabitethernet11),60,3,90,ATMSL
10.254.208.5,InterfaceInUtilization(gigabitethernet13),60,3,90,ATMSL
10.254.208.5,InterfaceInUtilization(gigabitethernet2),60,3,90,ATMSL
10.254.208.5,InterfaceInUtilization(gigabitethernet21),60,3,90,ATMSL
10.254.208.5,InterfaceInUtilization(gigabitethernet26),60,3,90,ATMSL
10.254.208.5,InterfaceInUtilization(gigabitethernet28),60,3,90,ATMSL
10.254.208.5,InterfaceInUtilization(gigabitethernet9),60,3,90,ATMSL
10.254.208.5,InterfaceInUtilization(tunnel1),60,3,90,ATMSL
10.254.208.5,InterfaceOperStatus(gigabitethernet13),60,3,DOWN,ATMSL
10.254.208.5,InterfaceOperStatus(gigabitethernet15),60,3,DOWN,ATMSL
10.254.208.5,InterfaceOperStatus(gigabitethernet2),60,3,DOWN,ATMSL
10.254.208.5,InterfaceOperStatus(gigabitethernet21),60,3,DOWN,ATMSL
10.254.208.5,InterfaceOperStatus(gigabitethernet28),60,3,DOWN,ATMSL
10.254.208.5,InterfaceOperStatus(gigabitethernet4),60,3,DOWN,ATMSL
10.254.208.5,InterfaceOperStatus(tunnel1),60,3,DOWN,ATMSL
10.254.208.5,InterfaceOutDiscardsRate(500),180,3,10,ATMSL
10.254.208.5,InterfaceOutDiscardsRate(gigabitethernet15),180,3,10,ATMSL
10.254.208.5,InterfaceOutDiscardsRate(gigabitethernet17),180,3,10,ATMSL
10.254.208.5,InterfaceOutDiscardsRate(gigabitethernet23),180,3,10,ATMSL
10.254.208.5,InterfaceOutDiscardsRate(gigabitethernet25),180,3,10,ATMSL
10.254.208.5,InterfaceOutDiscardsRate(gigabitethernet4),180,3,10,ATMSL
10.254.208.5,InterfaceOutDiscardsRate(gigabitethernet6),180,3,10,ATMSL
10.254.208.5,InterfaceOutErrorsRate(500),180,3,10,ATMSL
10.254.208.5,InterfaceOutErrorsRate(gigabitethernet10),180,3,10,ATMSL
10.254.208.5,InterfaceOutErrorsRate(gigabitethernet17),180,3,10,ATMSL
10.254.208.5,InterfaceOutErrorsRate(gigabitethernet19),180,3,10,ATMSL
10.254.208.5,InterfaceOutErrorsRate(gigabitethernet23),180,3,10,ATMSL
10.254.208.5,InterfaceCRCErrors(gigabitethernet14),120,3,100,ATMSL
10.254.208.5,InterfaceCRCErrors(gigabitethernet15),120,3,100,ATMSL
10.254.208.5,InterfaceCRCErrors(gigabitethernet16),120,3,100,ATMSL
10.254.208.5,InterfaceCRCErrors(gigabitethernet17),120,3,100,ATMSL
10.254.208.5,InterfaceCRCErrors(gigabitethernet4),120,3,100,ATMSL
10.254.208.5,InterfaceCRCErrors(gigabitethernet5),120,3,100,ATMSL
10.254.208.5,InterfaceCRCErrors(gigabitethernet6),120,3,100,ATMSL
10.254.208.5,InterfaceCRCErrors(gigabitethernet7),120,3,100,ATMSL
10.254.208.5,InterfaceInDiscardsRate(gigabitethernet17),180,3,10,ATMSL
10.254.208.5,InterfaceInDiscardsRate(gigabitethernet18),180,3,10,ATMSL
10.254.208.5,InterfaceInDiscardsRate(gigabitethernet19),180,3,10,ATMSL
10.254.208.5,InterfaceInDiscardsRate(gigabitethernet2),180,3,10,ATMSL
10.254.208.5,InterfaceInDiscardsRate(gigabitethernet7),180,3,10,ATMSL
10.254.208.5,InterfaceInDiscardsRate(gigabitethernet8),180,3,10,ATMSL
10.254.208.5,InterfaceInDiscardsRate(gigabitethernet9),180,3,10,ATMSL
10.254.208.5,InterfaceInDiscardsRate(Logical-int 1),180,3,10,ATMSL
10.254.208.5,InterfaceInErrorsRate(gigabitethernet18),180,3,10,ATMSL
10.254.208.5,InterfaceInErrorsRate(gigabitethernet19),180,3,10,ATMSL
10.254.208.5,InterfaceInErrorsRate(gigabitethernet2),180,3,10,ATMSL
10.254.208.5,InterfaceInErrorsRate(gigabitethernet20),180,3,10,ATMSL
10.254.208.5,InterfaceInErrorsRate(gigabitethernet21),180,3,10,ATMSL
10.254.208.5,InterfaceInErrorsRate(gigabitethernet8),180,3,10,ATMSL
10.254.208.5,InterfaceInErrorsRate(gigabitethernet9),180,3,10,ATMSL
10.254.208.5,InterfaceInErrorsRate(Logical-int 1),180,3,10,ATMSL
10.254.208.5,InterfaceInErrorsRate(tunnel1),180,3,10,ATMSL
10.254.208.5,InterfaceInUtilization(1),60,3,90,ATMSL
10.254.208.5,InterfaceInUtilization(1),60,3,90,ATMSL
10.254.208.5,InterfaceInUtilization(1),60,3,90,ATMSL
10.254.208.5,InterfaceInUtilization(1),60,3,90,ATMSL
10.254.208.5,InterfaceInErrorsRate(gigabitethernet11),180,3,10,ATMSL
10.254.208.5,InterfaceInErrorsRate(gigabitethernet12),180,3,10,ATMSL
10.254.208.5,InterfaceInErrorsRate(gigabitethernet13),180,3,10,ATMSL
10.254.208.5,InterfaceInErrorsRate(gigabitethernet26),180,3,10,ATMSL
10.254.208.5,InterfaceInErrorsRate(gigabitethernet27),180,3,10,ATMSL
10.254.208.5,InterfaceInErrorsRate(gigabitethernet28),180,3,10,ATMSL
10.254.208.5,InterfaceInErrorsRate(gigabitethernet3),180,3,10,ATMSL
10.254.208.5,InterfaceInUtilization(gigabitethernet14),60,3,90,ATMSL
10.254.208.5,InterfaceInUtilization(gigabitethernet15),60,3,90,ATMSL
10.254.208.5,InterfaceInUtilization(gigabitethernet16),60,3,90,ATMSL
10.254.208.5,InterfaceInUtilization(gigabitethernet17),60,3,90,ATMSL
10.254.208.5,InterfaceInUtilization(gigabitethernet18),60,3,90,ATMSL
10.254.208.5,InterfaceInUtilization(gigabitethernet4),60,3,90,ATMSL
10.254.208.5,InterfaceInUtilization(gigabitethernet5),60,3,90,ATMSL
10.254.208.5,InterfaceInUtilization(gigabitethernet6),60,3,90,ATMSL
10.254.208.5,InterfaceInUtilization(gigabitethernet7),60,3,90,ATMSL
10.254.208.5,InterfaceOperStatus(gigabitethernet16),60,3,DOWN,ATMSL
10.254.208.5,InterfaceOperStatus(gigabitethernet17),60,3,DOWN,ATMSL
10.254.208.5,InterfaceOperStatus(gigabitethernet18),60,3,DOWN,ATMSL
10.254.208.5,InterfaceOperStatus(gigabitethernet19),60,3,DOWN,ATMSL
10.254.208.5,InterfaceOperStatus(gigabitethernet5),60,3,DOWN,ATMSL
10.254.208.5,InterfaceOperStatus(gigabitethernet6),60,3,DOWN,ATMSL
10.254.208.5,InterfaceOperStatus(gigabitethernet7),60,3,DOWN,ATMSL
10.254.208.5,InterfaceOperStatus(gigabitethernet8),60,3,DOWN,ATMSL
10.254.208.5,InterfaceOperStatus(gigabitethernet9),60,3,DOWN,ATMSL
10.254.208.5,InterfaceOutDiscardsRate(gigabitethernet19),180,3,10,ATMSL
10.254.208.5,InterfaceOutDiscardsRate(gigabitethernet2),180,3,10,ATMSL
10.254.208.5,InterfaceOutDiscardsRate(gigabitethernet20),180,3,10,ATMSL
10.254.208.5,InterfaceOutDiscardsRate(gigabitethernet21),180,3,10,ATMSL
10.254.208.5,InterfaceOutDiscardsRate(gigabitethernet8),180,3,10,ATMSL
10.254.208.5,InterfaceOutDiscardsRate(gigabitethernet9),180,3,10,ATMSL
10.254.208.5,InterfaceOutDiscardsRate(Logical-int 1),180,3,10,ATMSL
10.254.208.5,InterfaceOutDiscardsRate(tunnel1),180,3,10,ATMSL
10.254.208.5,InterfaceOutErrorsRate(1),180,3,10,ATMSL
10.254.208.5,InterfaceOutErrorsRate(1),180,3,10,ATMSL
10.254.208.5,InterfaceOutErrorsRate(1),180,3,10,ATMSL
10.254.208.5,InterfaceOutErrorsRate(1),180,3,10,ATMSL
10.254.208.5,InterfaceOutErrorsRate(gigabitethernet2),180,3,10,ATMSL
10.254.208.5,InterfaceOutErrorsRate(gigabitethernet20),180,3,10,ATMSL
10.254.208.5,InterfaceOutErrorsRate(gigabitethernet21),180,3,10,ATMSL
10.254.208.5,InterfaceOutErrorsRate(gigabitethernet22),180,3,10,ATMSL
10.254.208.5,InterfaceOutErrorsRate(Logical-int 1),180,3,10,ATMSL
10.254.208.5,InterfaceOutErrorsRate(tunnel1),180,3,10,ATMSL
10.254.208.5,InterfaceOutUtilization(500),60,3,90,ATMSL
10.254.208.5,InterfaceOutUtilization(gigabitethernet1),60,3,90,ATMSL
10.254.208.5,InterfaceOutUtilization(gigabitethernet10),60,3,90,ATMSL
10.254.208.5,InterfaceOutUtilization(gigabitethernet11),60,3,90,ATMSL
10.254.208.5,InterfaceOutUtilization(gigabitethernet23),60,3,90,ATMSL
10.254.208.5,InterfaceOutUtilization(gigabitethernet24),60,3,90,ATMSL
10.254.208.5,InterfaceOutUtilization(gigabitethernet25),60,3,90,ATMSL
10.254.208.5,InterfaceOutUtilization(gigabitethernet26),60,3,90,ATMSL
10.254.208.5,InterfaceInUtilization(500),60,3,90,ATMSL
10.254.208.5,InterfaceInUtilization(gigabitethernet1),60,3,90,ATMSL
10.254.208.5,InterfaceInUtilization(gigabitethernet22),60,3,90,ATMSL
10.254.208.5,InterfaceInUtilization(gigabitethernet23),60,3,90,ATMSL
10.254.208.5,InterfaceInUtilization(gigabitethernet24),60,3,90,ATMSL
10.254.208.5,InterfaceInUtilization(gigabitethernet25),60,3,90,ATMSL
10.254.208.5,InterfaceOperStatus(1),60,3,DOWN,ATMSL
10.254.208.5,InterfaceOperStatus(1),60,3,DOWN,ATMSL
10.254.208.5,InterfaceOperStatus(1),60,3,DOWN,ATMSL
10.254.208.5,InterfaceOperStatus(1),60,3,DOWN,ATMSL
10.254.208.5,InterfaceOperStatus(500),60,3,DOWN,ATMSL
10.254.208.5,InterfaceOperStatus(gigabitethernet1),60,3,DOWN,ATMSL
10.254.208.5,InterfaceOperStatus(gigabitethernet10),60,3,DOWN,ATMSL
10.254.208.5,InterfaceOperStatus(gigabitethernet11),60,3,DOWN,ATMSL
10.254.208.5,InterfaceOperStatus(gigabitethernet23),60,3,DOWN,ATMSL
10.254.208.5,InterfaceOperStatus(gigabitethernet24),60,3,DOWN,ATMSL
10.254.208.5,InterfaceOperStatus(gigabitethernet25),60,3,DOWN,ATMSL
10.254.208.5,InterfaceOperStatus(gigabitethernet26),60,3,DOWN,ATMSL
10.254.208.5,InterfaceOutDiscardsRate(gigabitethernet10),180,3,10,ATMSL
10.254.208.5,InterfaceOutDiscardsRate(gigabitethernet11),180,3,10,ATMSL
10.254.208.5,InterfaceOutDiscardsRate(gigabitethernet12),180,3,10,ATMSL
10.254.208.5,InterfaceOutDiscardsRate(gigabitethernet13),180,3,10,ATMSL
10.254.208.5,InterfaceOutDiscardsRate(gigabitethernet26),180,3,10,ATMSL
10.254.208.5,InterfaceOutDiscardsRate(gigabitethernet27),180,3,10,ATMSL
10.254.208.5,InterfaceOutDiscardsRate(gigabitethernet28),180,3,10,ATMSL
10.254.208.5,InterfaceOutDiscardsRate(gigabitethernet3),180,3,10,ATMSL
10.254.208.5,InterfaceOutErrorsRate(gigabitethernet12),180,3,10,ATMSL
10.254.208.5,InterfaceOutErrorsRate(gigabitethernet13),180,3,10,ATMSL
10.254.208.5,InterfaceOutErrorsRate(gigabitethernet14),180,3,10,ATMSL
10.254.208.5,InterfaceOutErrorsRate(gigabitethernet15),180,3,10,ATMSL
10.254.208.5,InterfaceOutErrorsRate(gigabitethernet27),180,3,10,ATMSL
10.254.208.5,InterfaceOutErrorsRate(gigabitethernet28),180,3,10,ATMSL
10.254.208.5,InterfaceOutErrorsRate(gigabitethernet3),180,3,10,ATMSL
10.254.208.5,InterfaceOutErrorsRate(gigabitethernet4),180,3,10,ATMSL
10.254.208.5,InterfaceOutErrorsRate(gigabitethernet5),180,3,10,ATMSL
10.254.208.5,InterfaceOutUtilization(gigabitethernet16),60,3,90,ATMSL
10.254.208.5,InterfaceOutUtilization(gigabitethernet17),60,3,90,ATMSL
10.254.208.5,InterfaceOutUtilization(gigabitethernet18),60,3,90,ATMSL
10.254.208.5,InterfaceOutUtilization(gigabitethernet19),60,3,90,ATMSL
10.254.208.5,InterfaceOutUtilization(gigabitethernet6),60,3,90,ATMSL
10.254.208.5,InterfaceOutUtilization(gigabitethernet7),60,3,90,ATMSL
10.254.208.5,InterfaceOutUtilization(gigabitethernet8),60,3,90,ATMSL
10.254.208.5,InterfaceOutUtilization(gigabitethernet9),60,3,90,ATMSL
10.254.208.5,InterfaceOperStatus(gigabitethernet22),60,3,DOWN,ATMSL
10.254.208.5,InterfaceOperStatus(gigabitethernet27),60,3,DOWN,ATMSL
10.254.208.5,InterfaceOperStatus(gigabitethernet3),60,3,DOWN,ATMSL
10.254.208.5,InterfaceOperStatus(Logical-int 1),60,3,DOWN,ATMSL
10.254.208.5,InterfaceOutDiscardsRate(1),180,3,10,ATMSL
10.254.208.5,InterfaceOutDiscardsRate(1),180,3,10,ATMSL
10.254.208.5,InterfaceOutDiscardsRate(1),180,3,10,ATMSL
10.254.208.5,InterfaceOutDiscardsRate(1),180,3,10,ATMSL
10.254.208.5,InterfaceOutDiscardsRate(gigabitethernet1),180,3,10,ATMSL
10.254.208.5,InterfaceOutDiscardsRate(gigabitethernet14),180,3,10,ATMSL
10.254.208.5,InterfaceOutDiscardsRate(gigabitethernet16),180,3,10,ATMSL
10.254.208.5,InterfaceOutDiscardsRate(gigabitethernet18),180,3,10,ATMSL
10.254.208.5,InterfaceOutDiscardsRate(gigabitethernet22),180,3,10,ATMSL
10.254.208.5,InterfaceOutDiscardsRate(gigabitethernet24),180,3,10,ATMSL
10.254.208.5,InterfaceOutDiscardsRate(gigabitethernet5),180,3,10,ATMSL
10.254.208.5,InterfaceOutDiscardsRate(gigabitethernet7),180,3,10,ATMSL
10.254.208.5,InterfaceOutErrorsRate(gigabitethernet1),180,3,10,ATMSL
10.254.208.5,InterfaceOutErrorsRate(gigabitethernet11),180,3,10,ATMSL
10.254.208.5,InterfaceOutErrorsRate(gigabitethernet16),180,3,10,ATMSL
10.254.208.5,InterfaceOutErrorsRate(gigabitethernet18),180,3,10,ATMSL
10.254.208.5,InterfaceOutErrorsRate(gigabitethernet24),180,3,10,ATMSL
10.254.208.5,InterfaceOutErrorsRate(gigabitethernet26),180,3,10,ATMSL
10.254.208.5,InterfaceOutErrorsRate(gigabitethernet7),180,3,10,ATMSL
10.254.208.5,InterfaceOutErrorsRate(gigabitethernet9),180,3,10,ATMSL
10.254.208.5,InterfaceOutUtilization(gigabitethernet13),60,3,90,ATMSL
10.254.208.5,InterfaceOutUtilization(gigabitethernet15),60,3,90,ATMSL
10.254.208.5,InterfaceOutUtilization(gigabitethernet2),60,3,90,ATMSL
10.254.208.5,InterfaceOutUtilization(gigabitethernet21),60,3,90,ATMSL
10.254.208.5,InterfaceOutUtilization(gigabitethernet28),60,3,90,ATMSL
10.254.208.5,InterfaceOutUtilization(gigabitethernet4),60,3,90,ATMSL
10.254.208.5,InterfaceOutUtilization(tunnel1),60,3,90,ATMSL
10.254.208.5,InterfaceOutErrorsRate(gigabitethernet25),180,3,10,ATMSL
10.254.208.5,InterfaceOutErrorsRate(gigabitethernet6),180,3,10,ATMSL
10.254.208.5,InterfaceOutErrorsRate(gigabitethernet8),180,3,10,ATMSL
10.254.208.5,InterfaceOutUtilization(1),60,3,90,ATMSL
10.254.208.5,InterfaceOutUtilization(1),60,3,90,ATMSL
10.254.208.5,InterfaceOutUtilization(1),60,3,90,ATMSL
10.254.208.5,InterfaceOutUtilization(1),60,3,90,ATMSL
10.254.208.5,InterfaceOutUtilization(gigabitethernet12),60,3,90,ATMSL
10.254.208.5,InterfaceOutUtilization(gigabitethernet14),60,3,90,ATMSL
10.254.208.5,InterfaceOutUtilization(gigabitethernet20),60,3,90,ATMSL
10.254.208.5,InterfaceOutUtilization(gigabitethernet22),60,3,90,ATMSL
10.254.208.5,InterfaceOutUtilization(gigabitethernet27),60,3,90,ATMSL
10.254.208.5,InterfaceOutUtilization(gigabitethernet3),60,3,90,ATMSL
10.254.208.5,InterfaceOutUtilization(gigabitethernet5),60,3,90,ATMSL
10.254.208.5,InterfaceOutUtilization(Logical-int 1),60,3,90,ATMSL
10.157.30.11,InterfaceTransmitErrors(eth3),60,3,10,DB-Bhagalpur
10.157.30.11,InterfaceReceiveErrors(eth3),60,3,10,DB-Bhagalpur
10.157.30.11,InterfaceReceiveErrors(eth7),60,3,10,DB-Bhagalpur
10.157.30.11,InterfaceTransmitErrors(eth7),60,3,10,DB-Bhagalpur
10.51.30.15,InterfaceReceiveErrors(eth3),60,3,10,DB-Bhopal
10.51.30.15,InterfaceReceiveErrors(eth7),60,3,10,DB-Bhopal
10.51.30.15,InterfaceTransmitErrors(eth3),60,3,10,DB-Bhopal
10.51.30.15,InterfaceTransmitErrors(eth7),60,3,10,DB-Bhopal
172.16.92.1,InterfaceCRCErrors(GigabitEthernet5),120,3,100,Bajaj
172.16.92.1,InterfaceCRCErrors(GigabitEthernet7),120,3,100,Bajaj
172.16.92.1,InterfaceCRCErrors(Tunnel360),120,3,100,Bajaj
172.16.92.1,InterfaceCRCErrors(Vlan1),120,3,100,Bajaj
172.16.92.1,InterfaceCRCErrors(Vlan460),120,3,100,Bajaj
172.16.92.1,InterfaceCRCErrors(Vlan60),120,3,100,Bajaj
172.16.92.1,InterfaceInDiscardsRate(GigabitEthernet3),180,3,10,Bajaj
172.16.92.1,InterfaceInDiscardsRate(GigabitEthernet5),180,3,10,Bajaj
172.16.92.1,InterfaceInDiscardsRate(Tunnel1159),180,3,10,Bajaj
172.16.92.1,InterfaceInDiscardsRate(Tunnel360),180,3,10,Bajaj
172.16.92.1,InterfaceInDiscardsRate(Vlan3),180,3,10,Bajaj
172.16.92.1,InterfaceInDiscardsRate(Vlan460),180,3,10,Bajaj
172.16.92.1,InterfaceInErrorsRate(GigabitEthernet2),180,3,10,Bajaj
172.16.92.1,InterfaceInErrorsRate(GigabitEthernet4),180,3,10,Bajaj
172.16.92.1,InterfaceInErrorsRate(Tunnel1106),180,3,10,Bajaj
172.16.92.1,InterfaceInErrorsRate(Tunnel1210),180,3,10,Bajaj
172.16.92.1,InterfaceInErrorsRate(Vlan20),180,3,10,Bajaj
172.16.92.1,InterfaceInErrorsRate(Vlan30),180,3,10,Bajaj
172.16.92.1,InterfaceInUtilization(FastEthernet0),60,3,90,Bajaj
172.16.92.1,InterfaceInUtilization(GigabitEthernet1),60,3,90,Bajaj
172.16.92.1,InterfaceInUtilization(GigabitEthernet8),60,3,90,Bajaj
172.16.92.1,InterfaceInUtilization(Tunnel102),60,3,90,Bajaj
172.16.92.1,InterfaceInUtilization(Tunnel569),60,3,90,Bajaj
172.16.92.1,InterfaceInUtilization(Vlan2),60,3,90,Bajaj
172.16.92.1,InterfaceInUtilization(Vlan3),60,3,90,Bajaj
172.16.92.1,InterfaceInUtilization(Vlan70),60,3,90,Bajaj
172.16.92.1,InterfaceOperStatus(GigabitEthernet0),60,3,DOWN,Bajaj
172.16.92.1,InterfaceOperStatus(GigabitEthernet7),60,3,DOWN,Bajaj
172.16.92.1,InterfaceOperStatus(GigabitEthernet8.3934),60,3,DOWN,Bajaj
172.16.92.1,InterfaceOperStatus(Tunnel360),60,3,DOWN,Bajaj
172.16.92.1,InterfaceOperStatus(Vlan1),60,3,DOWN,Bajaj
172.16.92.1,InterfaceOperStatus(Vlan20),60,3,DOWN,Bajaj
172.16.92.1,InterfaceOperStatus(Vlan60),60,3,DOWN,Bajaj
172.16.92.1,InterfaceOutDiscardsRate(GigabitEthernet5),180,3,10,Bajaj
172.16.92.1,InterfaceOutDiscardsRate(GigabitEthernet7),180,3,10,Bajaj
172.16.92.1,InterfaceOutDiscardsRate(Tunnel360),180,3,10,Bajaj
172.16.92.1,InterfaceOutDiscardsRate(Vlan1),180,3,10,Bajaj
172.16.92.1,InterfaceOutDiscardsRate(Vlan460),180,3,10,Bajaj
172.16.92.1,InterfaceOutDiscardsRate(Vlan60),180,3,10,Bajaj
172.16.92.1,InterfaceOutErrorsRate(GigabitEthernet4),180,3,10,Bajaj
172.16.92.1,InterfaceOutErrorsRate(GigabitEthernet6),180,3,10,Bajaj
172.16.92.1,InterfaceOutErrorsRate(Tunnel1210),180,3,10,Bajaj
172.16.92.1,InterfaceOutErrorsRate(Tunnel569),180,3,10,Bajaj
172.16.92.1,InterfaceOutErrorsRate(Vlan30),180,3,10,Bajaj
172.16.92.1,InterfaceOutErrorsRate(Vlan50),180,3,10,Bajaj
172.16.92.1,InterfaceOutUtilization(GigabitEthernet1),60,3,90,Bajaj
172.16.92.1,InterfaceOutUtilization(GigabitEthernet3),60,3,90,Bajaj
172.16.92.1,InterfaceOutUtilization(Tunnel102),60,3,90,Bajaj
172.16.92.1,InterfaceOutUtilization(Tunnel1159),60,3,90,Bajaj
172.16.92.1,InterfaceOutUtilization(Vlan2),60,3,90,Bajaj
172.16.92.1,InterfaceOutUtilization(Vlan3),60,3,90,Bajaj
172.16.92.1,InterfaceCRCErrors(GigabitEthernet0),120,3,100,Bajaj
172.16.92.1,InterfaceCRCErrors(GigabitEthernet1),120,3,100,Bajaj
172.16.92.1,InterfaceCRCErrors(GigabitEthernet2),120,3,100,Bajaj
172.16.92.1,InterfaceCRCErrors(GigabitEthernet3),120,3,100,Bajaj
172.16.92.1,InterfaceCRCErrors(Vlan2),120,3,100,Bajaj
172.16.92.1,InterfaceCRCErrors(Vlan20),120,3,100,Bajaj
172.16.92.1,InterfaceCRCErrors(Vlan3),120,3,100,Bajaj
172.16.92.1,InterfaceCRCErrors(Vlan30),120,3,100,Bajaj
172.16.92.1,InterfaceInDiscardsRate(FastEthernet0),180,3,10,Bajaj
172.16.92.1,InterfaceInDiscardsRate(GigabitEthernet0),180,3,10,Bajaj
172.16.92.1,InterfaceInDiscardsRate(GigabitEthernet1),180,3,10,Bajaj
172.16.92.1,InterfaceInDiscardsRate(Tunnel569),180,3,10,Bajaj
172.16.92.1,InterfaceInDiscardsRate(Vlan1),180,3,10,Bajaj
172.16.92.1,InterfaceInDiscardsRate(Vlan2),180,3,10,Bajaj
172.16.92.1,InterfaceInDiscardsRate(Vlan20),180,3,10,Bajaj
172.16.92.1,InterfaceInErrorsRate(GigabitEthernet6),180,3,10,Bajaj
172.16.92.1,InterfaceInErrorsRate(GigabitEthernet7),180,3,10,Bajaj
172.16.92.1,InterfaceInErrorsRate(GigabitEthernet8),180,3,10,Bajaj
172.16.92.1,InterfaceInErrorsRate(GigabitEthernet8.3934),180,3,10,Bajaj
172.16.92.1,InterfaceInErrorsRate(Vlan50),180,3,10,Bajaj
172.16.92.1,InterfaceInErrorsRate(Vlan60),180,3,10,Bajaj
172.16.92.1,InterfaceInErrorsRate(Vlan70),180,3,10,Bajaj
172.16.92.1,InterfaceInUtilization(Tunnel1106),60,3,90,Bajaj
172.16.92.1,InterfaceInUtilization(Tunnel1159),60,3,90,Bajaj
172.16.92.1,InterfaceInUtilization(Tunnel1210),60,3,90,Bajaj
172.16.92.1,InterfaceInUtilization(Tunnel360),60,3,90,Bajaj
172.16.92.1,InterfaceOperStatus(GigabitEthernet2),60,3,DOWN,Bajaj
172.16.92.1,InterfaceOperStatus(GigabitEthernet3),60,3,DOWN,Bajaj
172.16.92.1,InterfaceOperStatus(GigabitEthernet4),60,3,DOWN,Bajaj
172.16.92.1,InterfaceOperStatus(GigabitEthernet5),60,3,DOWN,Bajaj
172.16.92.1,InterfaceOperStatus(Vlan3),60,3,DOWN,Bajaj
172.16.92.1,InterfaceOperStatus(Vlan30),60,3,DOWN,Bajaj
172.16.92.1,InterfaceOperStatus(Vlan460),60,3,DOWN,Bajaj
172.16.92.1,InterfaceOperStatus(Vlan50),60,3,DOWN,Bajaj
172.16.92.1,InterfaceOutDiscardsRate(GigabitEthernet0),180,3,10,Bajaj
172.16.92.1,InterfaceOutDiscardsRate(GigabitEthernet1),180,3,10,Bajaj
172.16.92.1,InterfaceOutDiscardsRate(GigabitEthernet2),180,3,10,Bajaj
172.16.92.1,InterfaceOutDiscardsRate(GigabitEthernet3),180,3,10,Bajaj
172.16.92.1,InterfaceOutDiscardsRate(Vlan2),180,3,10,Bajaj
172.16.92.1,InterfaceOutDiscardsRate(Vlan20),180,3,10,Bajaj
172.16.92.1,InterfaceOutDiscardsRate(Vlan3),180,3,10,Bajaj
172.16.92.1,InterfaceOutDiscardsRate(Vlan30),180,3,10,Bajaj
172.16.92.1,InterfaceOutErrorsRate(GigabitEthernet8),180,3,10,Bajaj
172.16.92.1,InterfaceOutErrorsRate(GigabitEthernet8.3934),180,3,10,Bajaj
172.16.92.1,InterfaceOutErrorsRate(Tunnel102),180,3,10,Bajaj
172.16.92.1,InterfaceOutErrorsRate(Tunnel1106),180,3,10,Bajaj
172.16.92.1,InterfaceOutErrorsRate(Vlan70),180,3,10,Bajaj
172.16.92.1,InterfaceOutUtilization(FastEthernet0),60,3,90,Bajaj
172.16.92.1,InterfaceOutUtilization(GigabitEthernet0),60,3,90,Bajaj
172.16.92.1,InterfaceOutUtilization(Tunnel1210),60,3,90,Bajaj
172.16.92.1,InterfaceOutUtilization(Tunnel360),60,3,90,Bajaj
172.16.92.1,InterfaceOutUtilization(Tunnel569),60,3,90,Bajaj
172.16.92.1,InterfaceOutUtilization(Vlan1),60,3,90,Bajaj
172.16.92.1,InterfaceCRCErrors(GigabitEthernet8),120,3,100,Bajaj
172.16.92.1,InterfaceCRCErrors(GigabitEthernet8.3934),120,3,100,Bajaj
172.16.92.1,InterfaceCRCErrors(Tunnel102),120,3,100,Bajaj
172.16.92.1,InterfaceCRCErrors(Tunnel1106),120,3,100,Bajaj
172.16.92.1,InterfaceCRCErrors(Tunnel1159),120,3,100,Bajaj
172.16.92.1,InterfaceInDiscardsRate(GigabitEthernet7),180,3,10,Bajaj
172.16.92.1,InterfaceInDiscardsRate(GigabitEthernet8),180,3,10,Bajaj
172.16.92.1,InterfaceInDiscardsRate(GigabitEthernet8.3934),180,3,10,Bajaj
172.16.92.1,InterfaceInDiscardsRate(Tunnel102),180,3,10,Bajaj
172.16.92.1,InterfaceInDiscardsRate(Vlan60),180,3,10,Bajaj
172.16.92.1,InterfaceInDiscardsRate(Vlan70),180,3,10,Bajaj
172.16.92.1,InterfaceInErrorsRate(FastEthernet0),180,3,10,Bajaj
172.16.92.1,InterfaceInErrorsRate(GigabitEthernet0),180,3,10,Bajaj
172.16.92.1,InterfaceInErrorsRate(GigabitEthernet1),180,3,10,Bajaj
172.16.92.1,InterfaceInErrorsRate(Tunnel360),180,3,10,Bajaj
172.16.92.1,InterfaceInErrorsRate(Tunnel569),180,3,10,Bajaj
172.16.92.1,InterfaceInErrorsRate(Vlan1),180,3,10,Bajaj
172.16.92.1,InterfaceInErrorsRate(Vlan2),180,3,10,Bajaj
172.16.92.1,InterfaceInUtilization(GigabitEthernet3),60,3,90,Bajaj
172.16.92.1,InterfaceInUtilization(GigabitEthernet4),60,3,90,Bajaj
172.16.92.1,InterfaceInUtilization(GigabitEthernet5),60,3,90,Bajaj
172.16.92.1,InterfaceInUtilization(GigabitEthernet6),60,3,90,Bajaj
172.16.92.1,InterfaceInUtilization(Vlan30),60,3,90,Bajaj
172.16.92.1,InterfaceInUtilization(Vlan460),60,3,90,Bajaj
172.16.92.1,InterfaceInUtilization(Vlan50),60,3,90,Bajaj
172.16.92.1,InterfaceInUtilization(Vlan60),60,3,90,Bajaj
172.16.92.1,InterfaceOperStatus(Tunnel102),60,3,DOWN,Bajaj
172.16.92.1,InterfaceOperStatus(Tunnel1106),60,3,DOWN,Bajaj
172.16.92.1,InterfaceOperStatus(Tunnel1159),60,3,DOWN,Bajaj
172.16.92.1,InterfaceOperStatus(Tunnel1210),60,3,DOWN,Bajaj
172.16.92.1,InterfaceOutDiscardsRate(GigabitEthernet8),180,3,10,Bajaj
172.16.92.1,InterfaceOutDiscardsRate(GigabitEthernet8.3934),180,3,10,Bajaj
172.16.92.1,InterfaceOutDiscardsRate(Tunnel102),180,3,10,Bajaj
172.16.92.1,InterfaceOutDiscardsRate(Tunnel1106),180,3,10,Bajaj
172.16.92.1,InterfaceOutDiscardsRate(Tunnel1159),180,3,10,Bajaj
172.16.92.1,InterfaceOutErrorsRate(FastEthernet0),180,3,10,Bajaj
172.16.92.1,InterfaceOutErrorsRate(GigabitEthernet0),180,3,10,Bajaj
172.16.92.1,InterfaceOutErrorsRate(GigabitEthernet1),180,3,10,Bajaj
172.16.92.1,InterfaceOutErrorsRate(GigabitEthernet2),180,3,10,Bajaj
172.16.92.1,InterfaceOutErrorsRate(Vlan1),180,3,10,Bajaj
172.16.92.1,InterfaceOutErrorsRate(Vlan2),180,3,10,Bajaj
172.16.92.1,InterfaceOutErrorsRate(Vlan20),180,3,10,Bajaj
172.16.92.1,InterfaceOutErrorsRate(Vlan3),180,3,10,Bajaj
172.16.92.1,InterfaceOutUtilization(GigabitEthernet5),60,3,90,Bajaj
172.16.92.1,InterfaceOutUtilization(GigabitEthernet6),60,3,90,Bajaj
172.16.92.1,InterfaceOutUtilization(GigabitEthernet7),60,3,90,Bajaj
172.16.92.1,InterfaceOutUtilization(GigabitEthernet8),60,3,90,Bajaj
172.16.92.1,InterfaceOutUtilization(Vlan460),60,3,90,Bajaj
172.16.92.1,InterfaceOutUtilization(Vlan50),60,3,90,Bajaj
172.16.92.1,InterfaceCRCErrors(FastEthernet0),120,3,100,Bajaj
172.16.92.1,InterfaceCRCErrors(GigabitEthernet4),120,3,100,Bajaj
172.16.92.1,InterfaceCRCErrors(GigabitEthernet6),120,3,100,Bajaj
172.16.92.1,InterfaceCRCErrors(Tunnel1210),120,3,100,Bajaj
172.16.92.1,InterfaceCRCErrors(Tunnel569),120,3,100,Bajaj
172.16.92.1,InterfaceCRCErrors(Vlan50),120,3,100,Bajaj
172.16.92.1,InterfaceCRCErrors(Vlan70),120,3,100,Bajaj
172.16.92.1,InterfaceInDiscardsRate(GigabitEthernet2),180,3,10,Bajaj
172.16.92.1,InterfaceInDiscardsRate(GigabitEthernet4),180,3,10,Bajaj
172.16.92.1,InterfaceInDiscardsRate(GigabitEthernet6),180,3,10,Bajaj
172.16.92.1,InterfaceInDiscardsRate(Tunnel1106),180,3,10,Bajaj
172.16.92.1,InterfaceInDiscardsRate(Tunnel1210),180,3,10,Bajaj
172.16.92.1,InterfaceInDiscardsRate(Vlan30),180,3,10,Bajaj
172.16.92.1,InterfaceInDiscardsRate(Vlan50),180,3,10,Bajaj
172.16.92.1,InterfaceInErrorsRate(GigabitEthernet3),180,3,10,Bajaj
172.16.92.1,InterfaceInErrorsRate(GigabitEthernet5),180,3,10,Bajaj
172.16.92.1,InterfaceInErrorsRate(Tunnel102),180,3,10,Bajaj
172.16.92.1,InterfaceInErrorsRate(Tunnel1159),180,3,10,Bajaj
172.16.92.1,InterfaceInErrorsRate(Vlan3),180,3,10,Bajaj
172.16.92.1,InterfaceInErrorsRate(Vlan460),180,3,10,Bajaj
172.16.92.1,InterfaceInUtilization(GigabitEthernet0),60,3,90,Bajaj
172.16.92.1,InterfaceInUtilization(GigabitEthernet2),60,3,90,Bajaj
172.16.92.1,InterfaceInUtilization(GigabitEthernet7),60,3,90,Bajaj
172.16.92.1,InterfaceInUtilization(GigabitEthernet8.3934),60,3,90,Bajaj
172.16.92.1,InterfaceInUtilization(Vlan1),60,3,90,Bajaj
172.16.92.1,InterfaceInUtilization(Vlan20),60,3,90,Bajaj
172.16.92.1,InterfaceOperStatus(FastEthernet0),60,3,DOWN,Bajaj
172.16.92.1,InterfaceOperStatus(GigabitEthernet1),60,3,DOWN,Bajaj
172.16.92.1,InterfaceOperStatus(GigabitEthernet6),60,3,DOWN,Bajaj
172.16.92.1,InterfaceOperStatus(GigabitEthernet8),60,3,DOWN,Bajaj
172.16.92.1,InterfaceOperStatus(Tunnel569),60,3,DOWN,Bajaj
172.16.92.1,InterfaceOperStatus(Vlan2),60,3,DOWN,Bajaj
172.16.92.1,InterfaceOperStatus(Vlan70),60,3,DOWN,Bajaj
172.16.92.1,InterfaceOutDiscardsRate(FastEthernet0),180,3,10,Bajaj
172.16.92.1,InterfaceOutDiscardsRate(GigabitEthernet4),180,3,10,Bajaj
172.16.92.1,InterfaceOutDiscardsRate(GigabitEthernet6),180,3,10,Bajaj
172.16.92.1,InterfaceOutDiscardsRate(Tunnel1210),180,3,10,Bajaj
172.16.92.1,InterfaceOutDiscardsRate(Tunnel569),180,3,10,Bajaj
172.16.92.1,InterfaceOutDiscardsRate(Vlan50),180,3,10,Bajaj
172.16.92.1,InterfaceOutDiscardsRate(Vlan70),180,3,10,Bajaj
172.16.92.1,InterfaceOutErrorsRate(GigabitEthernet3),180,3,10,Bajaj
172.16.92.1,InterfaceOutErrorsRate(GigabitEthernet5),180,3,10,Bajaj
172.16.92.1,InterfaceOutErrorsRate(GigabitEthernet7),180,3,10,Bajaj
172.16.92.1,InterfaceOutErrorsRate(Tunnel1159),180,3,10,Bajaj
172.16.92.1,InterfaceOutErrorsRate(Tunnel360),180,3,10,Bajaj
172.16.92.1,InterfaceOutErrorsRate(Vlan460),180,3,10,Bajaj
172.16.92.1,InterfaceOutErrorsRate(Vlan60),180,3,10,Bajaj
172.16.92.1,InterfaceOutUtilization(GigabitEthernet2),60,3,90,Bajaj
172.16.92.1,InterfaceOutUtilization(GigabitEthernet4),60,3,90,Bajaj
172.16.92.1,InterfaceOutUtilization(GigabitEthernet8.3934),60,3,90,Bajaj
172.16.92.1,InterfaceOutUtilization(Tunnel1106),60,3,90,Bajaj
172.16.92.1,InterfaceOutUtilization(Vlan20),60,3,90,Bajaj
172.16.92.1,InterfaceOutUtilization(Vlan30),60,3,90,Bajaj
172.16.92.1,InterfaceOutUtilization(Vlan60),60,3,90,Bajaj
172.16.92.1,InterfaceOutUtilization(Vlan70),60,3,90,Bajaj
192.168.242.6,InterfaceCRCErrors(GigabitEthernet1/0/1),120,3,100,ATMSL
192.168.242.6,InterfaceCRCErrors(GigabitEthernet1/0/12),120,3,100,ATMSL
192.168.242.6,InterfaceCRCErrors(GigabitEthernet1/0/19),120,3,100,ATMSL
192.168.242.6,InterfaceCRCErrors(GigabitEthernet1/0/20),120,3,100,ATMSL
192.168.242.6,InterfaceCRCErrors(GigabitEthernet1/0/6),120,3,100,ATMSL
192.168.242.6,InterfaceCRCErrors(GigabitEthernet1/0/8),120,3,100,ATMSL
192.168.242.6,InterfaceCRCErrors(StackSub-St1-2),120,3,100,ATMSL
192.168.242.6,InterfaceCRCErrors(TenGigabitEthernet1/1/2),120,3,100,ATMSL
192.168.242.6,InterfaceCRCErrors(Vlan107),120,3,100,ATMSL
192.168.242.6,InterfaceCRCErrors(Vlan200),120,3,100,ATMSL
192.168.242.6,InterfaceInDiscardsRate(GigabitEthernet0/0),180,3,10,ATMSL
192.168.242.6,InterfaceInDiscardsRate(GigabitEthernet1/0/16),180,3,10,ATMSL
192.168.242.6,InterfaceInDiscardsRate(GigabitEthernet1/0/18),180,3,10,ATMSL
192.168.242.6,InterfaceInDiscardsRate(GigabitEthernet1/0/24),180,3,10,ATMSL
192.168.242.6,InterfaceInDiscardsRate(GigabitEthernet1/0/5),180,3,10,ATMSL
192.168.242.6,InterfaceInDiscardsRate(Port-channel1),180,3,10,ATMSL
192.168.242.6,InterfaceInDiscardsRate(StackSub-St1-1),180,3,10,ATMSL
192.168.242.6,InterfaceInDiscardsRate(Tunnel11),180,3,10,ATMSL
192.168.242.6,InterfaceInDiscardsRate(Vlan106),180,3,10,ATMSL
192.168.242.6,InterfaceInErrorsRate(GigabitEthernet1/0/10),180,3,10,ATMSL
192.168.242.6,InterfaceInErrorsRate(GigabitEthernet1/0/13),180,3,10,ATMSL
192.168.242.6,InterfaceInErrorsRate(GigabitEthernet1/0/18),180,3,10,ATMSL
192.168.242.6,InterfaceInErrorsRate(GigabitEthernet1/0/2),180,3,10,ATMSL
192.168.242.6,InterfaceInErrorsRate(GigabitEthernet1/0/21),180,3,10,ATMSL
192.168.242.6,InterfaceInErrorsRate(GigabitEthernet1/0/5),180,3,10,ATMSL
192.168.242.6,InterfaceInErrorsRate(GigabitEthernet1/0/7),180,3,10,ATMSL
192.168.242.6,InterfaceInErrorsRate(TenGigabitEthernet1/1/1),180,3,10,ATMSL
192.168.242.6,InterfaceCRCErrors(StackSub-St1-1),120,3,100,ATMSL
192.168.242.6,InterfaceInDiscardsRate(GigabitEthernet1/0/2),180,3,10,ATMSL
192.168.242.6,InterfaceInDiscardsRate(GigabitEthernet1/0/20),180,3,10,ATMSL
192.168.242.6,InterfaceInDiscardsRate(GigabitEthernet1/0/21),180,3,10,ATMSL
192.168.242.6,InterfaceInDiscardsRate(GigabitEthernet1/0/22),180,3,10,ATMSL
192.168.242.6,InterfaceInDiscardsRate(TenGigabitEthernet1/1/1),180,3,10,ATMSL
192.168.242.6,InterfaceInDiscardsRate(TenGigabitEthernet1/1/2),180,3,10,ATMSL
192.168.242.6,InterfaceInDiscardsRate(TenGigabitEthernet1/1/3),180,3,10,ATMSL
192.168.242.6,InterfaceInDiscardsRate(TenGigabitEthernet1/1/4),180,3,10,ATMSL
192.168.242.6,InterfaceInDiscardsRate(Tunnel10),180,3,10,ATMSL
192.168.242.6,InterfaceInErrorsRate(GigabitEthernet1/0/14),180,3,10,ATMSL
192.168.242.6,InterfaceInErrorsRate(GigabitEthernet1/0/15),180,3,10,ATMSL
192.168.242.6,InterfaceInErrorsRate(GigabitEthernet1/0/16),180,3,10,ATMSL
192.168.242.6,InterfaceInErrorsRate(GigabitEthernet1/0/17),180,3,10,ATMSL
192.168.242.6,InterfaceInErrorsRate(GigabitEthernet1/0/9),180,3,10,ATMSL
192.168.242.6,InterfaceInErrorsRate(Port-channel1),180,3,10,ATMSL
192.168.242.6,InterfaceInErrorsRate(StackPort1),180,3,10,ATMSL
192.168.242.6,InterfaceInErrorsRate(StackSub-St1-1),180,3,10,ATMSL
192.168.242.6,InterfaceInUtilization(GigabitEthernet1/0/14),60,3,90,ATMSL
192.168.242.6,InterfaceInUtilization(GigabitEthernet1/0/15),60,3,90,ATMSL
192.168.242.6,InterfaceInUtilization(GigabitEthernet1/0/16),60,3,90,ATMSL
192.168.242.6,InterfaceInUtilization(GigabitEthernet1/0/17),60,3,90,ATMSL
192.168.242.6,InterfaceInUtilization(GigabitEthernet1/0/9),60,3,90,ATMSL
192.168.242.6,InterfaceInUtilization(Port-channel1),60,3,90,ATMSL
192.168.242.6,InterfaceInUtilization(StackPort1),60,3,90,ATMSL
192.168.242.6,InterfaceInUtilization(StackSub-St1-1),60,3,90,ATMSL
192.168.242.6,InterfaceOperStatus(GigabitEthernet0/0),60,3,DOWN,ATMSL
192.168.242.6,InterfaceOperStatus(GigabitEthernet1/0/1),60,3,DOWN,ATMSL
192.168.242.6,InterfaceOperStatus(GigabitEthernet1/0/10),60,3,DOWN,ATMSL
192.168.242.6,InterfaceOperStatus(GigabitEthernet1/0/12),60,3,DOWN,ATMSL
192.168.242.6,InterfaceOperStatus(GigabitEthernet1/0/24),60,3,DOWN,ATMSL
192.168.242.6,InterfaceOperStatus(GigabitEthernet1/0/4),60,3,DOWN,ATMSL
192.168.242.6,InterfaceOperStatus(GigabitEthernet1/0/5),60,3,DOWN,ATMSL
192.168.242.6,InterfaceOperStatus(GigabitEthernet1/0/6),60,3,DOWN,ATMSL
192.168.242.6,InterfaceOperStatus(Vlan105),60,3,DOWN,ATMSL
192.168.242.6,InterfaceOperStatus(Vlan106),60,3,DOWN,ATMSL
192.168.242.6,InterfaceOperStatus(Vlan107),60,3,DOWN,ATMSL
192.168.242.6,InterfaceOperStatus(Vlan108),60,3,DOWN,ATMSL
192.168.242.6,InterfaceOutDiscardsRate(GigabitEthernet1/0/14),180,3,10,ATMSL
192.168.242.6,InterfaceOutDiscardsRate(GigabitEthernet1/0/15),180,3,10,ATMSL
192.168.242.6,InterfaceOutDiscardsRate(GigabitEthernet1/0/16),180,3,10,ATMSL
192.168.242.6,InterfaceOutDiscardsRate(GigabitEthernet1/0/17),180,3,10,ATMSL
192.168.242.6,InterfaceOutDiscardsRate(GigabitEthernet1/0/9),180,3,10,ATMSL
192.168.242.6,InterfaceOutDiscardsRate(Port-channel1),180,3,10,ATMSL
192.168.242.6,InterfaceOutDiscardsRate(StackPort1),180,3,10,ATMSL
192.168.242.6,InterfaceOutDiscardsRate(StackSub-St1-1),180,3,10,ATMSL
192.168.242.6,InterfaceOutErrorsRate(GigabitEthernet0/0),180,3,10,ATMSL
192.168.242.6,InterfaceOutErrorsRate(GigabitEthernet1/0/1),180,3,10,ATMSL
192.168.242.6,InterfaceOutErrorsRate(GigabitEthernet1/0/10),180,3,10,ATMSL
192.168.242.6,InterfaceOutErrorsRate(GigabitEthernet1/0/12),180,3,10,ATMSL
192.168.242.6,InterfaceOutErrorsRate(GigabitEthernet1/0/24),180,3,10,ATMSL
192.168.242.6,InterfaceCRCErrors(GigabitEthernet1/0/13),120,3,100,ATMSL
192.168.242.6,InterfaceCRCErrors(GigabitEthernet1/0/18),120,3,100,ATMSL
192.168.242.6,InterfaceCRCErrors(GigabitEthernet1/0/2),120,3,100,ATMSL
192.168.242.6,InterfaceCRCErrors(GigabitEthernet1/0/21),120,3,100,ATMSL
192.168.242.6,InterfaceCRCErrors(GigabitEthernet1/0/5),120,3,100,ATMSL
192.168.242.6,InterfaceCRCErrors(GigabitEthernet1/0/7),120,3,100,ATMSL
192.168.242.6,InterfaceCRCErrors(TenGigabitEthernet1/1/1),120,3,100,ATMSL
192.168.242.6,InterfaceCRCErrors(TenGigabitEthernet1/1/3),120,3,100,ATMSL
192.168.242.6,InterfaceCRCErrors(Vlan106),120,3,100,ATMSL
192.168.242.6,InterfaceCRCErrors(Vlan108),120,3,100,ATMSL
192.168.242.6,InterfaceCRCErrors(Vlan202),120,3,100,ATMSL
192.168.242.6,InterfaceInDiscardsRate(GigabitEthernet1/0/1),180,3,10,ATMSL
192.168.242.6,InterfaceInDiscardsRate(GigabitEthernet1/0/17),180,3,10,ATMSL
192.168.242.6,InterfaceInDiscardsRate(GigabitEthernet1/0/19),180,3,10,ATMSL
192.168.242.6,InterfaceInDiscardsRate(GigabitEthernet1/0/23),180,3,10,ATMSL
192.168.242.6,InterfaceInDiscardsRate(GigabitEthernet1/0/4),180,3,10,ATMSL
192.168.242.6,InterfaceInDiscardsRate(StackPort1),180,3,10,ATMSL
192.168.242.6,InterfaceInDiscardsRate(StackSub-St1-2),180,3,10,ATMSL
192.168.242.6,InterfaceInDiscardsRate(Vlan105),180,3,10,ATMSL
192.168.242.6,InterfaceInDiscardsRate(Vlan107),180,3,10,ATMSL
192.168.242.6,InterfaceInErrorsRate(GigabitEthernet1/0/1),180,3,10,ATMSL
192.168.242.6,InterfaceInErrorsRate(GigabitEthernet1/0/12),180,3,10,ATMSL
192.168.242.6,InterfaceInErrorsRate(GigabitEthernet1/0/19),180,3,10,ATMSL
192.168.242.6,InterfaceInErrorsRate(GigabitEthernet1/0/20),180,3,10,ATMSL
192.168.242.6,InterfaceInErrorsRate(GigabitEthernet1/0/6),180,3,10,ATMSL
192.168.242.6,InterfaceInErrorsRate(GigabitEthernet1/0/8),180,3,10,ATMSL
192.168.242.6,InterfaceInErrorsRate(StackSub-St1-2),180,3,10,ATMSL
192.168.242.6,InterfaceInErrorsRate(TenGigabitEthernet1/1/2),180,3,10,ATMSL
192.168.242.6,InterfaceInErrorsRate(Vlan107),180,3,10,ATMSL
192.168.242.6,InterfaceInErrorsRate(Vlan200),180,3,10,ATMSL
192.168.242.6,InterfaceInUtilization(GigabitEthernet1/0/10),60,3,90,ATMSL
192.168.242.6,InterfaceInUtilization(GigabitEthernet1/0/13),60,3,90,ATMSL
192.168.242.6,InterfaceInUtilization(GigabitEthernet1/0/18),60,3,90,ATMSL
192.168.242.6,InterfaceInUtilization(GigabitEthernet1/0/2),60,3,90,ATMSL
192.168.242.6,InterfaceInUtilization(GigabitEthernet1/0/5),60,3,90,ATMSL
192.168.242.6,InterfaceInUtilization(GigabitEthernet1/0/7),60,3,90,ATMSL
192.168.242.6,InterfaceInUtilization(TenGigabitEthernet1/1/1),60,3,90,ATMSL
192.168.242.6,InterfaceInUtilization(TenGigabitEthernet1/1/3),60,3,90,ATMSL
192.168.242.6,InterfaceInUtilization(Vlan106),60,3,90,ATMSL
192.168.242.6,InterfaceInUtilization(Vlan108),60,3,90,ATMSL
192.168.242.6,InterfaceInUtilization(Vlan202),60,3,90,ATMSL
192.168.242.6,InterfaceOperStatus(GigabitEthernet1/0/13),60,3,DOWN,ATMSL
192.168.242.6,InterfaceOperStatus(GigabitEthernet1/0/15),60,3,DOWN,ATMSL
192.168.242.6,InterfaceOperStatus(GigabitEthernet1/0/21),60,3,DOWN,ATMSL
192.168.242.6,InterfaceOperStatus(GigabitEthernet1/0/23),60,3,DOWN,ATMSL
192.168.242.6,InterfaceOperStatus(GigabitEthernet1/0/7),60,3,DOWN,ATMSL
192.168.242.6,InterfaceOperStatus(GigabitEthernet1/0/9),60,3,DOWN,ATMSL
192.168.242.6,InterfaceOperStatus(StackPort1),60,3,DOWN,ATMSL
192.168.242.6,InterfaceOperStatus(TenGigabitEthernet1/1/3),60,3,DOWN,ATMSL
192.168.242.6,InterfaceOperStatus(Tunnel10),60,3,DOWN,ATMSL
192.168.242.6,InterfaceOperStatus(Vlan202),60,3,DOWN,ATMSL
192.168.242.6,InterfaceOutDiscardsRate(GigabitEthernet1/0/1),180,3,10,ATMSL
192.168.242.6,InterfaceInErrorsRate(TenGigabitEthernet1/1/3),180,3,10,ATMSL
192.168.242.6,InterfaceInErrorsRate(Vlan106),180,3,10,ATMSL
192.168.242.6,InterfaceInErrorsRate(Vlan108),180,3,10,ATMSL
192.168.242.6,InterfaceInErrorsRate(Vlan202),180,3,10,ATMSL
192.168.242.6,InterfaceInUtilization(GigabitEthernet1/0/1),60,3,90,ATMSL
192.168.242.6,InterfaceInUtilization(GigabitEthernet1/0/12),60,3,80,ATMSL
192.168.242.6,InterfaceInUtilization(GigabitEthernet1/0/19),60,3,90,ATMSL
192.168.242.6,InterfaceInUtilization(GigabitEthernet1/0/20),60,3,80,ATMSL
192.168.242.6,InterfaceInUtilization(GigabitEthernet1/0/6),60,3,90,ATMSL
192.168.242.6,InterfaceInUtilization(GigabitEthernet1/0/8),60,3,90,ATMSL
192.168.242.6,InterfaceInUtilization(StackSub-St1-2),60,3,90,ATMSL
192.168.242.6,InterfaceInUtilization(TenGigabitEthernet1/1/2),60,3,90,ATMSL
192.168.242.6,InterfaceInUtilization(Vlan107),60,3,90,ATMSL
192.168.242.6,InterfaceInUtilization(Vlan200),60,3,90,ATMSL
192.168.242.6,InterfaceOperStatus(GigabitEthernet1/0/14),60,3,DOWN,ATMSL
192.168.242.6,InterfaceOperStatus(GigabitEthernet1/0/16),60,3,DOWN,ATMSL
192.168.242.6,InterfaceOperStatus(GigabitEthernet1/0/20),60,3,DOWN,ATMSL
192.168.242.6,InterfaceOperStatus(GigabitEthernet1/0/22),60,3,DOWN,ATMSL
192.168.242.6,InterfaceOperStatus(GigabitEthernet1/0/8),60,3,DOWN,ATMSL
192.168.242.6,InterfaceOperStatus(Port-channel1),60,3,DOWN,ATMSL
192.168.242.6,InterfaceOperStatus(TenGigabitEthernet1/1/4),60,3,DOWN,ATMSL
192.168.242.6,InterfaceOperStatus(Tunnel11),60,3,DOWN,ATMSL
192.168.242.6,InterfaceOperStatus(Vlan200),60,3,DOWN,ATMSL
192.168.242.6,InterfaceOutDiscardsRate(GigabitEthernet1/0/10),180,3,10,ATMSL
192.168.242.6,InterfaceOutDiscardsRate(GigabitEthernet1/0/13),180,3,10,ATMSL
192.168.242.6,InterfaceOutDiscardsRate(GigabitEthernet1/0/18),180,3,10,ATMSL
192.168.242.6,InterfaceOutDiscardsRate(GigabitEthernet1/0/2),180,3,10,ATMSL
192.168.242.6,InterfaceOutDiscardsRate(GigabitEthernet1/0/5),180,3,10,ATMSL
192.168.242.6,InterfaceOutDiscardsRate(GigabitEthernet1/0/7),180,3,10,ATMSL
192.168.242.6,InterfaceOutDiscardsRate(TenGigabitEthernet1/1/1),180,3,10,ATMSL
192.168.242.6,InterfaceOutDiscardsRate(TenGigabitEthernet1/1/3),180,3,10,ATMSL
192.168.242.6,InterfaceOutDiscardsRate(Vlan106),180,3,10,ATMSL
192.168.242.6,InterfaceOutDiscardsRate(Vlan108),180,3,10,ATMSL
192.168.242.6,InterfaceOutDiscardsRate(Vlan202),180,3,10,ATMSL
192.168.242.6,InterfaceOutErrorsRate(GigabitEthernet1/0/13),180,3,10,ATMSL
192.168.242.6,InterfaceOutErrorsRate(GigabitEthernet1/0/15),180,3,10,ATMSL
192.168.242.6,InterfaceOutErrorsRate(GigabitEthernet1/0/21),180,3,10,ATMSL
192.168.242.6,InterfaceOutErrorsRate(GigabitEthernet1/0/23),180,3,10,ATMSL
192.168.242.6,InterfaceOutErrorsRate(GigabitEthernet1/0/7),180,3,10,ATMSL
192.168.242.6,InterfaceOutErrorsRate(GigabitEthernet1/0/9),180,3,10,ATMSL
192.168.242.6,InterfaceOutErrorsRate(StackPort1),180,3,10,ATMSL
192.168.242.6,InterfaceOutErrorsRate(TenGigabitEthernet1/1/3),180,3,10,ATMSL
192.168.242.6,InterfaceOutErrorsRate(Tunnel10),180,3,10,ATMSL
192.168.242.6,InterfaceOutErrorsRate(Vlan202),180,3,10,ATMSL
192.168.242.6,InterfaceOutUtilization(GigabitEthernet1/0/14),60,3,90,ATMSL
192.168.242.6,InterfaceOutUtilization(GigabitEthernet1/0/16),60,3,90,ATMSL
192.168.242.6,InterfaceOutUtilization(GigabitEthernet1/0/20),60,3,80,ATMSL
192.168.242.6,InterfaceOutUtilization(GigabitEthernet1/0/22),60,3,80,ATMSL
192.168.242.6,InterfaceOutUtilization(GigabitEthernet1/0/8),60,3,90,ATMSL
192.168.242.6,InterfaceOutUtilization(Port-channel1),60,3,90,ATMSL
192.168.242.6,InterfaceOutUtilization(TenGigabitEthernet1/1/4),60,3,90,ATMSL
192.168.242.6,InterfaceInUtilization(GigabitEthernet1/0/23),60,3,80,ATMSL
192.168.242.6,InterfaceInUtilization(GigabitEthernet1/0/24),60,3,80,ATMSL
192.168.242.6,InterfaceInUtilization(GigabitEthernet1/0/4),60,3,90,ATMSL
192.168.242.6,InterfaceInUtilization(TenGigabitEthernet1/1/4),60,3,90,ATMSL
192.168.242.6,InterfaceInUtilization(Tunnel10),60,3,90,ATMSL
192.168.242.6,InterfaceInUtilization(Tunnel11),60,3,90,ATMSL
192.168.242.6,InterfaceInUtilization(Vlan105),60,3,90,ATMSL
192.168.242.6,InterfaceOperStatus(GigabitEthernet1/0/17),60,3,DOWN,ATMSL
192.168.242.6,InterfaceOperStatus(GigabitEthernet1/0/18),60,3,DOWN,ATMSL
192.168.242.6,InterfaceOperStatus(GigabitEthernet1/0/19),60,3,DOWN,ATMSL
192.168.242.6,InterfaceOperStatus(GigabitEthernet1/0/2),60,3,DOWN,ATMSL
192.168.242.6,InterfaceOperStatus(StackSub-St1-1),60,3,DOWN,ATMSL
192.168.242.6,InterfaceOperStatus(StackSub-St1-2),60,3,DOWN,ATMSL
192.168.242.6,InterfaceOperStatus(TenGigabitEthernet1/1/1),60,3,DOWN,ATMSL
192.168.242.6,InterfaceOperStatus(TenGigabitEthernet1/1/2),60,3,DOWN,ATMSL
192.168.242.6,InterfaceOutDiscardsRate(GigabitEthernet0/0),180,3,10,ATMSL
192.168.242.6,InterfaceOutDiscardsRate(GigabitEthernet1/0/21),180,3,10,ATMSL
192.168.242.6,InterfaceOutDiscardsRate(GigabitEthernet1/0/22),180,3,10,ATMSL
192.168.242.6,InterfaceOutDiscardsRate(GigabitEthernet1/0/23),180,3,10,ATMSL
192.168.242.6,InterfaceOutDiscardsRate(GigabitEthernet1/0/24),180,3,10,ATMSL
192.168.242.6,InterfaceOutDiscardsRate(GigabitEthernet1/0/4),180,3,10,ATMSL
192.168.242.6,InterfaceOutDiscardsRate(TenGigabitEthernet1/1/4),180,3,10,ATMSL
192.168.242.6,InterfaceOutDiscardsRate(Tunnel10),180,3,10,ATMSL
192.168.242.6,InterfaceOutDiscardsRate(Tunnel11),180,3,10,ATMSL
192.168.242.6,InterfaceOutDiscardsRate(Vlan105),180,3,10,ATMSL
192.168.242.6,InterfaceOutErrorsRate(GigabitEthernet1/0/17),180,3,10,ATMSL
192.168.242.6,InterfaceOutErrorsRate(GigabitEthernet1/0/18),180,3,10,ATMSL
192.168.242.6,InterfaceOutErrorsRate(GigabitEthernet1/0/19),180,3,10,ATMSL
192.168.242.6,InterfaceOutErrorsRate(GigabitEthernet1/0/2),180,3,10,ATMSL
192.168.242.6,InterfaceOutErrorsRate(StackSub-St1-1),180,3,10,ATMSL
192.168.242.6,InterfaceOutErrorsRate(StackSub-St1-2),180,3,10,ATMSL
192.168.242.6,InterfaceOutErrorsRate(TenGigabitEthernet1/1/1),180,3,10,ATMSL
192.168.242.6,InterfaceOutErrorsRate(TenGigabitEthernet1/1/2),180,3,10,ATMSL
192.168.242.6,InterfaceOutUtilization(GigabitEthernet1/0/17),60,3,90,ATMSL
192.168.242.6,InterfaceOutUtilization(GigabitEthernet1/0/18),60,3,90,ATMSL
192.168.242.6,InterfaceOutUtilization(GigabitEthernet1/0/19),60,3,90,ATMSL
192.168.242.6,InterfaceOutUtilization(GigabitEthernet1/0/2),60,3,90,ATMSL
192.168.242.6,InterfaceOutUtilization(StackSub-St1-1),60,3,90,ATMSL
192.168.242.6,InterfaceOutUtilization(StackSub-St1-2),60,3,90,ATMSL
192.168.242.6,InterfaceOutUtilization(TenGigabitEthernet1/1/1),60,3,90,ATMSL
192.168.242.6,InterfaceOutUtilization(TenGigabitEthernet1/1/2),60,3,90,ATMSL
192.168.242.6,InterfaceOutDiscardsRate(GigabitEthernet1/0/12),180,3,10,ATMSL
192.168.242.6,InterfaceOutDiscardsRate(GigabitEthernet1/0/19),180,3,10,ATMSL
192.168.242.6,InterfaceOutDiscardsRate(GigabitEthernet1/0/20),180,3,10,ATMSL
192.168.242.6,InterfaceOutDiscardsRate(GigabitEthernet1/0/6),180,3,10,ATMSL
192.168.242.6,InterfaceOutDiscardsRate(GigabitEthernet1/0/8),180,3,10,ATMSL
192.168.242.6,InterfaceOutDiscardsRate(StackSub-St1-2),180,3,10,ATMSL
192.168.242.6,InterfaceOutDiscardsRate(TenGigabitEthernet1/1/2),180,3,10,ATMSL
192.168.242.6,InterfaceOutDiscardsRate(Vlan107),180,3,10,ATMSL
192.168.242.6,InterfaceOutDiscardsRate(Vlan200),180,3,10,ATMSL
192.168.242.6,InterfaceOutErrorsRate(GigabitEthernet1/0/14),180,3,10,ATMSL
192.168.242.6,InterfaceOutErrorsRate(GigabitEthernet1/0/16),180,3,10,ATMSL
192.168.242.6,InterfaceOutErrorsRate(GigabitEthernet1/0/20),180,3,10,ATMSL
192.168.242.6,InterfaceOutErrorsRate(GigabitEthernet1/0/22),180,3,10,ATMSL
192.168.242.6,InterfaceOutErrorsRate(GigabitEthernet1/0/8),180,3,10,ATMSL
192.168.242.6,InterfaceOutErrorsRate(Port-channel1),180,3,10,ATMSL
192.168.242.6,InterfaceOutErrorsRate(TenGigabitEthernet1/1/4),180,3,10,ATMSL
192.168.242.6,InterfaceOutErrorsRate(Tunnel11),180,3,10,ATMSL
192.168.242.6,InterfaceOutErrorsRate(Vlan200),180,3,10,ATMSL
192.168.242.6,InterfaceOutUtilization(GigabitEthernet1/0/13),60,3,90,ATMSL
192.168.242.6,InterfaceOutUtilization(GigabitEthernet1/0/15),60,3,90,ATMSL
192.168.242.6,InterfaceOutUtilization(GigabitEthernet1/0/21),60,3,90,ATMSL
192.168.242.6,InterfaceOutUtilization(GigabitEthernet1/0/23),60,3,80,ATMSL
192.168.242.6,InterfaceOutUtilization(GigabitEthernet1/0/7),60,3,90,ATMSL
192.168.242.6,InterfaceOutUtilization(GigabitEthernet1/0/9),60,3,90,ATMSL
192.168.242.6,InterfaceOutUtilization(StackPort1),60,3,90,ATMSL
192.168.242.6,InterfaceOutUtilization(TenGigabitEthernet1/1/3),60,3,90,ATMSL
192.168.242.6,InterfaceOutUtilization(Tunnel10),60,3,90,ATMSL
192.168.242.6,InterfaceOutUtilization(Vlan202),60,3,90,ATMSL
192.168.242.6,InterfaceOutUtilization(Tunnel11),60,3,90,ATMSL
192.168.242.6,InterfaceOutUtilization(Vlan200),60,3,90,ATMSL
192.168.242.6,InterfaceOutErrorsRate(GigabitEthernet1/0/4),180,3,10,ATMSL
192.168.242.6,InterfaceOutErrorsRate(GigabitEthernet1/0/5),180,3,10,ATMSL
192.168.242.6,InterfaceOutErrorsRate(GigabitEthernet1/0/6),180,3,10,ATMSL
192.168.242.6,InterfaceOutErrorsRate(Vlan105),180,3,10,ATMSL
192.168.242.6,InterfaceOutErrorsRate(Vlan106),180,3,10,ATMSL
192.168.242.6,InterfaceOutErrorsRate(Vlan107),180,3,10,ATMSL
192.168.242.6,InterfaceOutErrorsRate(Vlan108),180,3,10,ATMSL
192.168.242.6,InterfaceOutUtilization(GigabitEthernet0/0),60,3,90,ATMSL
192.168.242.6,InterfaceOutUtilization(GigabitEthernet1/0/1),60,3,90,ATMSL
192.168.242.6,InterfaceOutUtilization(GigabitEthernet1/0/10),60,3,90,ATMSL
192.168.242.6,InterfaceOutUtilization(GigabitEthernet1/0/12),60,3,80,ATMSL
192.168.242.6,InterfaceOutUtilization(GigabitEthernet1/0/24),60,3,80,ATMSL
192.168.242.6,InterfaceOutUtilization(GigabitEthernet1/0/4),60,3,90,ATMSL
192.168.242.6,InterfaceOutUtilization(GigabitEthernet1/0/5),60,3,90,ATMSL
192.168.242.6,InterfaceOutUtilization(GigabitEthernet1/0/6),60,3,90,ATMSL
192.168.242.6,InterfaceOutUtilization(Vlan105),60,3,90,ATMSL
192.168.242.6,InterfaceOutUtilization(Vlan106),60,3,90,ATMSL
192.168.242.6,InterfaceOutUtilization(Vlan107),60,3,90,ATMSL
192.168.242.6,InterfaceOutUtilization(Vlan108),60,3,90,ATMSL
192.168.242.6,InterfaceCRCErrors(GigabitEthernet1/0/14),120,3,100,ATMSL
192.168.242.6,InterfaceCRCErrors(GigabitEthernet1/0/15),120,3,100,ATMSL
192.168.242.6,InterfaceCRCErrors(GigabitEthernet1/0/16),120,3,100,ATMSL
192.168.242.6,InterfaceCRCErrors(GigabitEthernet1/0/17),120,3,100,ATMSL
192.168.242.6,InterfaceCRCErrors(GigabitEthernet1/0/9),120,3,100,ATMSL
192.168.242.6,InterfaceCRCErrors(Port-channel1),120,3,100,ATMSL
192.168.242.6,InterfaceCRCErrors(StackPort1),120,3,100,ATMSL
192.168.242.6,InterfaceCRCErrors(GigabitEthernet1/0/10),120,3,100,ATMSL
192.168.242.6,InterfaceCRCErrors(GigabitEthernet0/0),120,3,100,ATMSL
192.168.242.6,InterfaceCRCErrors(GigabitEthernet1/0/22),120,3,100,ATMSL
192.168.242.6,InterfaceCRCErrors(GigabitEthernet1/0/23),120,3,100,ATMSL
192.168.242.6,InterfaceCRCErrors(GigabitEthernet1/0/24),120,3,100,ATMSL
192.168.242.6,InterfaceCRCErrors(GigabitEthernet1/0/4),120,3,100,ATMSL
192.168.242.6,InterfaceCRCErrors(TenGigabitEthernet1/1/4),120,3,100,ATMSL
192.168.242.6,InterfaceCRCErrors(Tunnel10),120,3,100,ATMSL
192.168.242.6,InterfaceCRCErrors(Tunnel11),120,3,100,ATMSL
192.168.242.6,InterfaceCRCErrors(Vlan105),120,3,100,ATMSL
192.168.242.6,InterfaceInDiscardsRate(GigabitEthernet1/0/10),180,3,10,ATMSL
192.168.242.6,InterfaceInDiscardsRate(GigabitEthernet1/0/12),180,3,10,ATMSL
192.168.242.6,InterfaceInDiscardsRate(GigabitEthernet1/0/13),180,3,10,ATMSL
192.168.242.6,InterfaceInDiscardsRate(GigabitEthernet1/0/14),180,3,10,ATMSL
192.168.242.6,InterfaceInDiscardsRate(GigabitEthernet1/0/15),180,3,10,ATMSL
192.168.242.6,InterfaceInDiscardsRate(GigabitEthernet1/0/6),180,3,10,ATMSL
192.168.242.6,InterfaceInDiscardsRate(GigabitEthernet1/0/7),180,3,10,ATMSL
192.168.242.6,InterfaceInDiscardsRate(GigabitEthernet1/0/8),180,3,10,ATMSL
192.168.242.6,InterfaceInDiscardsRate(GigabitEthernet1/0/9),180,3,10,ATMSL
192.168.242.6,InterfaceInDiscardsRate(Vlan108),180,3,10,ATMSL
192.168.242.6,InterfaceInDiscardsRate(Vlan200),180,3,10,ATMSL
192.168.242.6,InterfaceInDiscardsRate(Vlan202),180,3,10,ATMSL
192.168.242.6,InterfaceInErrorsRate(GigabitEthernet0/0),180,3,10,ATMSL
192.168.242.6,InterfaceInErrorsRate(GigabitEthernet1/0/22),180,3,10,ATMSL
192.168.242.6,InterfaceInErrorsRate(GigabitEthernet1/0/23),180,3,10,ATMSL
192.168.242.6,InterfaceInErrorsRate(GigabitEthernet1/0/24),180,3,10,ATMSL
192.168.242.6,InterfaceInErrorsRate(GigabitEthernet1/0/4),180,3,10,ATMSL
192.168.242.6,InterfaceInErrorsRate(TenGigabitEthernet1/1/4),180,3,10,ATMSL
192.168.242.6,InterfaceInErrorsRate(Tunnel10),180,3,10,ATMSL
192.168.242.6,InterfaceInErrorsRate(Tunnel11),180,3,10,ATMSL
192.168.242.6,InterfaceInErrorsRate(Vlan105),180,3,10,ATMSL
192.168.242.6,InterfaceInUtilization(GigabitEthernet0/0),60,3,90,ATMSL
192.168.242.6,InterfaceInUtilization(GigabitEthernet1/0/21),60,3,90,ATMSL
192.168.242.6,InterfaceInUtilization(GigabitEthernet1/0/22),60,3,80,ATMSL
